country_code,country_label,month,year,pollutant,mean_value
AD,Andorra,4,2023,O3,45.8
AD,Andorra,5,2023,CO,100
AD,Andorra,5,2023,NO2,4.7
AD,Andorra,5,2023,O3,79.6
AD,Andorra,5,2023,PM2.5,7.9
AD,Andorra,5,2023,SO2,0.2
AE,United Arab Emirates,3,2024,CO,306.6666666666667
AE,United Arab Emirates,3,2024,NO2,7.2958823529411765
AE,United Arab Emirates,3,2024,O3,51.32952556237219
AE,United Arab Emirates,3,2024,PM2.5,46
AE,United Arab Emirates,3,2024,SO2,9.108888888888888
AE,United Arab Emirates,6,2023,PM2.5,90.2
AF,Afghanistan,8,2021,PM2.5,136
AG,Antigua and Barbuda,5,2023,PM2.5,10
AJ,NA,4,2023,PM2.5,27
AJ,NA,5,2023,PM2.5,20
AJ,NA,9,2022,PM2.5,11
AJ,NA,10,2022,PM2.5,14
AM,Armenia,6,2023,PM2.5,10.4
AQ,NA,1,2020,O3,43.2
AQ,NA,2,2021,CO,2411.7091153374236
AQ,NA,2,2021,NO2,96.05566976687116
AQ,NA,2,2021,O3,10.065709938650308
AQ,NA,2,2021,PM2.5,47.58657
AQ,NA,2,2021,SO2,13.76916446952965
AR,Argentina,1,2017,PM2.5,3
AR,Argentina,2,2022,PM2.5,3
AR,Argentina,2,2024,CO,453.6646216768916
AR,Argentina,2,2024,NO2,12.52719836400818
AR,Argentina,2,2024,O3,26
AR,Argentina,2,2024,PM2.5,5.560119032859802
AR,Argentina,2,2024,SO2,5.71
AR,Argentina,8,2023,PM2.5,6.779166743159294
AR,Argentina,9,2023,PM2.5,17.512499888737995
AR,Argentina,12,2023,PM2.5,1
AT,Austria,1,2024,CO,479.77103846153847
AT,Austria,1,2024,NO2,32.79482784893617
AT,Austria,1,2024,O3,40.58314634146342
AT,Austria,1,2024,PM2.5,20.319425074545453
AT,Austria,1,2024,SO2,1.7069248593333333
AT,Austria,2,2017,NO2,0
AT,Austria,2,2022,SO2,2.71999979
AT,Austria,2,2024,CO,353.1111065384615
AT,Austria,2,2024,NO2,27.14797832158621
AT,Austria,2,2024,O3,39.01929357798165
AT,Austria,2,2024,PM2.5,11.48634929104364
AT,Austria,2,2024,SO2,1.8932290907017544
AT,Austria,3,2017,CO,0
AT,Austria,4,2021,NO2,2.89699983
AT,Austria,5,2022,SO2,13.20600795
AT,Austria,6,2023,NO2,1.40074992
AT,Austria,6,2023,O3,99.894
AT,Austria,7,2017,NO2,10.463252814285715
AT,Austria,7,2017,O3,61.7142
AT,Austria,7,2017,SO2,1.9014760016666667
AT,Austria,8,2023,PM2.5,5.1874999950000005
AT,Austria,9,2023,SO2,3.19768047
AT,Austria,11,2023,NO2,13.094111915
AT,Austria,11,2023,PM2.5,9.8499999
AT,Austria,12,2016,CO,449.6470588235294
AT,Austria,12,2016,NO2,34.68604651162791
AT,Austria,12,2016,O3,39.31147540983606
AT,Austria,12,2016,SO2,2.5
AT,Austria,12,2020,NO2,21.561070434999998
AT,Austria,12,2020,O3,20.5365
AT,Austria,12,2020,SO2,6
AT,Austria,12,2021,CO,1044.51549
AT,Austria,12,2021,NO2,9.883500095
AT,Austria,12,2021,O3,69.606
AT,Austria,12,2023,NO2,25.501820262499997
AT,Austria,12,2023,O3,12.571
AT,Austria,12,2023,PM2.5,8.14272499
AT,Austria,12,2023,SO2,1.99855041
AU,Australia,1,2018,CO,229.120654396728
AU,Australia,1,2018,NO2,3.7635991820040897
AU,Australia,1,2020,CO,1048.2269938650306
AU,Australia,1,2020,NO2,0
AU,Australia,1,2020,PM2.5,12.200000000000001
AU,Australia,1,2020,SO2,0
AU,Australia,1,2021,PM2.5,1.92
AU,Australia,1,2024,CO,114.560327198364
AU,Australia,1,2024,NO2,3.7635991820040897
AU,Australia,1,2024,O3,20.41717791411043
AU,Australia,1,2024,PM2.5,6.616666666666666
AU,Australia,1,2024,SO2,0
AU,Australia,2,2020,CO,0
AU,Australia,2,2020,PM2.5,2.17
AU,Australia,2,2022,PM2.5,2.85
AU,Australia,2,2024,CO,152.747102931152
AU,Australia,2,2024,NO2,0
AU,Australia,2,2024,O3,60.858895705521476
AU,Australia,2,2024,PM2.5,3.6812687962959734
AU,Australia,3,2018,PM2.5,1
AU,Australia,3,2021,PM2.5,0.65
AU,Australia,3,2022,PM2.5,9.13
AU,Australia,3,2023,CO,68.73619631901842
AU,Australia,3,2023,NO2,22.58159509202454
AU,Australia,3,2023,PM2.5,8.96
AU,Australia,4,2021,CO,343.6809815950921
AU,Australia,4,2021,NO2,41.399591002044986
AU,Australia,4,2021,PM2.5,6.6
AU,Australia,4,2021,SO2,5.240899795501022
AU,Australia,4,2023,CO,158.09325153374235
AU,Australia,4,2023,NO2,25.717927743694613
AU,Australia,4,2023,O3,24.302113156100887
AU,Australia,4,2023,PM2.5,10.106666666666667
AU,Australia,4,2023,SO2,1.7332404323692665
AU,Australia,5,2018,CO,267.30743012951604
AU,Australia,5,2018,NO2,6.183055799006719
AU,Australia,5,2018,PM2.5,9.9
AU,Australia,5,2018,SO2,7.861349693251532
AU,Australia,5,2019,CO,171.840490797546
AU,Australia,5,2019,NO2,6.272665303340149
AU,Australia,5,2019,SO2,1.8343149284253577
AU,Australia,5,2021,PM2.5,1.115
AU,Australia,6,2020,PM2.5,5.449999999999999
AU,Australia,6,2023,O3,29.447852760736197
AU,Australia,6,2023,PM2.5,3.65
AU,Australia,7,2020,PM2.5,6.1
AU,Australia,7,2021,PM2.5,3.51
AU,Australia,8,2020,PM2.5,1.2
AU,Australia,8,2022,PM2.5,1
AU,Australia,8,2023,PM2.5,3.4
AU,Australia,9,2019,O3,53.00613496932515
AU,Australia,9,2020,PM2.5,0.88
AU,Australia,9,2021,NO2,0
AU,Australia,9,2021,O3,56.93251533742331
AU,Australia,9,2021,PM2.5,2.9
AU,Australia,9,2021,SO2,0
AU,Australia,9,2022,PM2.5,5.9
AU,Australia,10,2018,CO,0
AU,Australia,10,2022,CO,0
AU,Australia,10,2022,NO2,7.99764826175869
AU,Australia,10,2022,O3,62.16768916155419
AU,Australia,10,2022,PM2.5,4.65
AU,Australia,10,2022,SO2,0.8734832992501703
AU,Australia,10,2023,PM2.5,4.399999952316284
AU,Australia,11,2018,NO2,3.7635991820040897
AU,Australia,11,2022,CO,62.48745119910764
AU,Australia,11,2022,NO2,1.8065276073619632
AU,Australia,11,2022,O3,36.48261758691206
AU,Australia,11,2022,PM2.5,2.9642857142857144
AU,Australia,11,2022,SO2,0
AU,Australia,12,2019,CO,0
AU,Australia,12,2019,SO2,980.0482617586912
AU,Australia,12,2020,O3,45.15337423312884
AU,Australia,12,2021,O3,31.411042944785276
AU,Australia,12,2021,PM2.5,4.14
AZ,Azerbaijan,2,2024,PM2.5,12
BA,Bosnia and Herzegovina,1,2022,CO,1026.5
BA,Bosnia and Herzegovina,1,2022,NO2,21.2
BA,Bosnia and Herzegovina,1,2022,O3,38.175
BA,Bosnia and Herzegovina,1,2022,PM2.5,23.099999999999998
BA,Bosnia and Herzegovina,1,2022,SO2,83.89999999999999
BA,Bosnia and Herzegovina,2,2017,O3,19
BA,Bosnia and Herzegovina,2,2024,CO,238
BA,Bosnia and Herzegovina,2,2024,NO2,59.1
BA,Bosnia and Herzegovina,2,2024,O3,4.5
BA,Bosnia and Herzegovina,2,2024,PM2.5,46.333333333333336
BA,Bosnia and Herzegovina,2,2024,SO2,79.7
BA,Bosnia and Herzegovina,3,2018,NO2,19
BA,Bosnia and Herzegovina,3,2018,SO2,29
BA,Bosnia and Herzegovina,6,2016,CO,0
BA,Bosnia and Herzegovina,6,2016,NO2,0
BA,Bosnia and Herzegovina,6,2016,O3,110
BA,Bosnia and Herzegovina,8,2016,NO2,5
BA,Bosnia and Herzegovina,8,2018,O3,8
BA,Bosnia and Herzegovina,9,2018,CO,141
BA,Bosnia and Herzegovina,9,2018,SO2,10
BA,Bosnia and Herzegovina,10,2017,NO2,22
BA,Bosnia and Herzegovina,10,2018,CO,314.2
BA,Bosnia and Herzegovina,10,2018,NO2,27.666666666666668
BA,Bosnia and Herzegovina,10,2018,O3,15.5
BA,Bosnia and Herzegovina,10,2018,SO2,20.22222222222222
BA,Bosnia and Herzegovina,11,2016,CO,780.3333333333334
BA,Bosnia and Herzegovina,12,2021,PM2.5,87
BD,Bangladesh,3,2024,O3,113.86503067484662
BD,Bangladesh,3,2024,PM2.5,65
BD,Bangladesh,10,2022,CO,1230
BD,Bangladesh,10,2022,NO2,14.145
BD,Bangladesh,10,2022,O3,5.195
BD,Bangladesh,10,2022,PM2.5,65.45
BD,Bangladesh,10,2022,SO2,21.025
BD,Bangladesh,11,2016,PM2.5,45.5
BE,Belgium,1,2017,NO2,46.666666666666664
BE,Belgium,1,2017,O3,2.75
BE,Belgium,1,2017,PM2.5,24.75
BE,Belgium,1,2017,SO2,1.7
BE,Belgium,1,2018,NO2,71.5
BE,Belgium,1,2018,PM2.5,19
BE,Belgium,1,2018,SO2,7
BE,Belgium,1,2019,NO2,3.5
BE,Belgium,1,2019,PM2.5,25
BE,Belgium,1,2020,SO2,0.3333333333333333
BE,Belgium,1,2021,NO2,19.25
BE,Belgium,1,2022,O3,71.5
BE,Belgium,1,2023,CO,445
BE,Belgium,1,2023,SO2,0
BE,Belgium,1,2024,CO,405
BE,Belgium,1,2024,NO2,23.692473684210526
BE,Belgium,1,2024,O3,34.37575
BE,Belgium,1,2024,PM2.5,11.89
BE,Belgium,1,2024,SO2,3.825
BE,Belgium,2,2020,SO2,5.5
BE,Belgium,2,2021,NO2,21
BE,Belgium,2,2021,SO2,2
BE,Belgium,2,2023,CO,545
BE,Belgium,2,2023,O3,12
BE,Belgium,3,2017,PM2.5,10
BE,Belgium,3,2017,SO2,2.25
BE,Belgium,3,2024,CO,290
BE,Belgium,3,2024,NO2,19.966175
BE,Belgium,3,2024,O3,38.760444444444445
BE,Belgium,3,2024,PM1,14.943452517191568
BE,Belgium,3,2024,PM2.5,16.206456072310328
BE,Belgium,3,2024,SO2,1.2868181818181819
BE,Belgium,4,2018,NO2,10.2
BE,Belgium,4,2018,O3,55.48
BE,Belgium,4,2023,NO2,19
BE,Belgium,7,2017,NO2,7.78
BE,Belgium,7,2017,SO2,3.6
BE,Belgium,10,2022,CO,120
BE,Belgium,11,2023,O3,55
BE,Belgium,12,2016,SO2,0.75
BE,Belgium,12,2020,CO,0.21
BE,Belgium,12,2020,NO2,25.5
BE,Belgium,12,2020,O3,19.5
BE,Belgium,12,2021,CO,130
BE,Belgium,12,2021,NO2,5
BE,Belgium,12,2021,O3,34.5
BE,Belgium,12,2021,PM2.5,2.653
BE,Belgium,12,2021,SO2,1.5
BE,Belgium,12,2022,SO2,3.8
BG,Bulgaria,1,2024,CO,1004.56407
BG,Bulgaria,1,2024,NO2,14.02563242
BG,Bulgaria,1,2024,SO2,3.22182709
BG,Bulgaria,3,2024,CO,526.6974284210527
BG,Bulgaria,3,2024,NO2,25.124117371363635
BG,Bulgaria,3,2024,O3,25.593157894736844
BG,Bulgaria,3,2024,PM2.5,14.773333333333333
BG,Bulgaria,3,2024,SO2,10.00544015173913
BG,Bulgaria,8,2022,NO2,27.97
BG,Bulgaria,8,2022,PM2.5,12.58
BG,Bulgaria,8,2022,SO2,9.8
BG,Bulgaria,8,2023,NO2,4.77
BG,Bulgaria,8,2023,SO2,1.38
BH,Bahrain,5,2023,PM2.5,23
BK,NA,5,2022,PM2.5,4.6
BK,NA,5,2023,PM2.5,7.15
BM,Bermuda,3,2021,O3,23.558282208588956
BM,Bermuda,5,2023,PM2.5,17
BR,Brazil,1,2023,NO2,16
BR,Brazil,1,2024,SO2,24.38
BR,Brazil,2,2023,CO,572.80163599182
BR,Brazil,2,2023,NO2,55
BR,Brazil,2,2023,O3,10
BR,Brazil,2,2023,PM2.5,3.5
BR,Brazil,3,2023,CO,343.680981595092
BR,Brazil,3,2023,NO2,44
BR,Brazil,3,2023,O3,22
BR,Brazil,3,2023,PM2.5,13
BR,Brazil,3,2024,CO,292.12883435582825
BR,Brazil,3,2024,NO2,17.92
BR,Brazil,3,2024,O3,10.653333333333334
BR,Brazil,3,2024,PM2.5,4.1850000000000005
BR,Brazil,3,2024,SO2,6.57
BR,Brazil,4,2023,CO,515.5214723926381
BR,Brazil,4,2023,NO2,22.3
BR,Brazil,4,2023,O3,81.46511627906976
BR,Brazil,4,2023,PM2.5,19.916666666666668
BR,Brazil,4,2023,SO2,3.2
BR,Brazil,7,2022,NO2,82
BR,Brazil,7,2022,SO2,49
BR,Brazil,10,2017,CO,458.241308793456
BR,Brazil,10,2017,NO2,42
BR,Brazil,10,2017,O3,74.66666666666667
BR,Brazil,10,2017,PM2.5,28
BR,Brazil,10,2017,SO2,1.5
BR,Brazil,10,2022,CO,458.241308793456
BR,Brazil,10,2022,NO2,17.2
BR,Brazil,10,2022,O3,68.5
BR,Brazil,10,2022,PM2.5,15.333333333333334
BR,Brazil,10,2022,SO2,1.5
BR,Brazil,11,2023,O3,0
BR,Brazil,12,2022,PM2.5,20
BZ,Belize,3,2024,PM2.5,15
CA,Canada,1,2018,O3,47.11656441717791
CA,Canada,1,2018,PM2.5,0
CA,Canada,1,2019,NO2,11.29079754601227
CA,Canada,1,2019,PM2.5,4.5
CA,Canada,1,2019,SO2,0
CA,Canada,1,2021,O3,37.30061349693251
CA,Canada,1,2021,PM2.5,4
CA,Canada,1,2022,CO,916.482617586912
CA,Canada,1,2022,NO2,41.399591002044986
CA,Canada,1,2022,O3,11.779141104294478
CA,Canada,1,2022,PM2.5,13.6
CA,Canada,1,2022,SO2,0
CA,Canada,1,2024,CO,315.040899795501
CA,Canada,1,2024,NO2,5.720670756646216
CA,Canada,1,2024,O3,69.88957055214723
CA,Canada,1,2024,PM2.5,4.16
CA,Canada,1,2024,SO2,0.5240899795501023
CA,Canada,2,2019,PM2.5,8
CA,Canada,2,2021,NO2,13.172597137014314
CA,Canada,2,2021,PM2.5,0.2
CA,Canada,2,2022,O3,49.079754601226995
CA,Canada,2,2022,PM2.5,5.3
CA,Canada,2,2023,CO,400.961145194274
CA,Canada,2,2024,PM2.5,11.369769092649221
CA,Canada,3,2016,O3,76.56441717791411
CA,Canada,3,2017,NO2,1.8817995910020449
CA,Canada,3,2017,O3,76.56441717791411
CA,Canada,3,2017,PM2.5,3
CA,Canada,3,2021,O3,47.11656441717791
CA,Canada,3,2024,CO,201.84438601616515
CA,Canada,3,2024,NO2,8.605246265294097
CA,Canada,3,2024,O3,60.35029721224451
CA,Canada,3,2024,PM1,3.620168671467238
CA,Canada,3,2024,PM2.5,4.613949822691189
CA,Canada,3,2024,SO2,0.9300028068487107
CA,Canada,4,2016,O3,58.895705521472394
CA,Canada,4,2017,NO2,0
CA,Canada,4,2017,O3,115.8282208588957
CA,Canada,4,2018,O3,67.73006134969324
CA,Canada,4,2020,O3,76.56441717791411
CA,Canada,4,2020,PM2.5,2
CA,Canada,4,2021,PM2.5,4.6
CA,Canada,4,2022,CO,675.9059304703477
CA,Canada,4,2022,NO2,1.8817995910020449
CA,Canada,4,2022,O3,78.52760736196319
CA,Canada,4,2022,PM2.5,3.25
CA,Canada,4,2022,SO2,0
CA,Canada,5,2017,O3,76.56441717791411
CA,Canada,5,2019,PM2.5,4.6
CA,Canada,6,2016,NO2,4.7044989775051125
CA,Canada,6,2016,O3,48.68711656441718
CA,Canada,6,2016,PM2.5,1.75
CA,Canada,6,2023,PM2.5,21.5
CA,Canada,7,2020,O3,25.52147239263804
CA,Canada,7,2021,CO,0
CA,Canada,7,2021,NO2,7.527198364008179
CA,Canada,7,2021,O3,39.263803680981596
CA,Canada,7,2021,PM2.5,3.2
CA,Canada,7,2021,SO2,10.481799591002044
CA,Canada,7,2023,CO,229.120654396728
CA,Canada,7,2023,NO2,4.441047034764826
CA,Canada,7,2023,O3,61.48711656441718
CA,Canada,7,2023,PM2.5,19.22222222222222
CA,Canada,7,2023,SO2,0
CA,Canada,8,2018,O3,60.858895705521476
CA,Canada,8,2021,O3,27.484662576687118
CA,Canada,8,2023,O3,15.705521472392638
CA,Canada,8,2023,PM2.5,7.53210227316189
CA,Canada,9,2016,O3,26.50306748466258
CA,Canada,9,2019,PM2.5,2.1
CA,Canada,9,2021,NO2,1.8817995910020449
CA,Canada,9,2023,PM2.5,14.839583237965902
CA,Canada,10,2018,O3,60.858895705521476
CA,Canada,10,2023,PM2.5,10.221726258595785
CA,Canada,11,2016,O3,53.00613496932515
CA,Canada,11,2018,PM2.5,19
CA,Canada,11,2019,PM2.5,4.3
CA,Canada,11,2020,O3,0
CA,Canada,11,2020,PM2.5,8.6
CA,Canada,11,2021,NO2,20.699795501022493
CA,Canada,11,2021,O3,46.13496932515338
CA,Canada,11,2021,PM2.5,2.7
CA,Canada,11,2021,SO2,2.620449897750511
CA,Canada,11,2022,PM2.5,20.5
CA,Canada,11,2022,SO2,1.0481799591002046
CA,Canada,11,2023,PM2.5,5.8
CA,Canada,12,2016,O3,0
CA,Canada,12,2018,O3,35.33742331288344
CA,Canada,12,2019,CO,458.241308793456
CD,"Congo, Democratic Republic of the",5,2023,PM2.5,18
CE,NA,5,2023,PM2.5,12
CF,Central African Republic,5,2023,PM2.5,18
CF,Central African Republic,9,2022,PM2.5,8
CH,Switzerland,1,2018,NO2,10.2542
CH,Switzerland,1,2018,O3,20.2127
CH,Switzerland,1,2023,NO2,56.1377
CH,Switzerland,1,2024,NO2,1.3534
CH,Switzerland,1,2024,O3,87.0613
CH,Switzerland,2,2020,O3,44.6
CH,Switzerland,3,2024,CO,204.8
CH,Switzerland,3,2024,NO2,15.164727586206897
CH,Switzerland,3,2024,O3,64.51099642857143
CH,Switzerland,3,2024,PM1,1.4630952537059783
CH,Switzerland,3,2024,PM2.5,2.2483283733410966
CH,Switzerland,3,2024,SO2,0.8935571428571428
CH,Switzerland,5,2021,NO2,25.8977
CH,Switzerland,5,2021,O3,54.6271
CH,Switzerland,5,2021,SO2,0.3434
CL,Chile,1,2017,CO,950.18
CL,Chile,1,2017,NO2,36.97
CL,Chile,1,2017,PM2.5,20
CL,Chile,1,2017,SO2,0
CL,Chile,1,2019,PM2.5,15.93
CL,Chile,2,2016,CO,740.7
CL,Chile,2,2016,O3,983.1
CL,Chile,2,2016,PM2.5,4.949999999999999
CL,Chile,2,2017,SO2,5.85
CL,Chile,2,2024,PM2.5,16.267981150084072
CL,Chile,2,2024,SO2,12.8525
CL,Chile,3,2016,CO,222.1
CL,Chile,3,2017,CO,552.94
CL,Chile,3,2017,NO2,8.93
CL,Chile,3,2017,O3,7.685
CL,Chile,3,2017,SO2,8.04
CL,Chile,3,2024,PM2.5,19.05128205128205
CL,Chile,3,2024,SO2,15.344166666666666
CL,Chile,4,2016,CO,777.9
CL,Chile,4,2016,NO2,66.27
CL,Chile,4,2016,O3,4.46
CL,Chile,4,2016,PM2.5,35.20666666666667
CL,Chile,4,2016,SO2,2.34
CL,Chile,4,2017,O3,0
CL,Chile,4,2018,NO2,94.65
CL,Chile,4,2019,SO2,0
CL,Chile,4,2020,PM2.5,8
CL,Chile,4,2022,SO2,6.9
CL,Chile,5,2017,PM2.5,44.01
CL,Chile,5,2021,CO,0
CL,Chile,5,2021,O3,0
CL,Chile,5,2021,SO2,0
CL,Chile,5,2023,PM2.5,64
CL,Chile,6,2017,CO,0
CL,Chile,6,2017,NO2,0
CL,Chile,6,2017,O3,0
CL,Chile,6,2017,PM2.5,0
CL,Chile,6,2017,SO2,0
CL,Chile,7,2017,NO2,2.88
CL,Chile,7,2020,NO2,16.32
CL,Chile,7,2021,NO2,53.68
CL,Chile,7,2021,O3,0
CL,Chile,7,2021,PM2.5,60
CL,Chile,8,2018,CO,497.87
CL,Chile,8,2018,NO2,11.44
CL,Chile,8,2018,O3,41.78666666666667
CL,Chile,8,2018,PM2.5,22.36
CL,Chile,8,2018,SO2,7.86
CL,Chile,8,2021,CO,599.1976923076924
CL,Chile,8,2021,NO2,25.0164
CL,Chile,8,2021,O3,27.262758620689656
CL,Chile,9,2018,PM2.5,31
CL,Chile,10,2017,SO2,2.06
CL,Chile,10,2023,PM2.5,13.406994044780731
CL,Chile,10,2023,SO2,11.22
CL,Chile,11,2017,CO,13698.5
CL,Chile,11,2017,O3,13.66
CL,Chile,12,2017,CO,0
CL,Chile,12,2017,NO2,0
CL,Chile,12,2017,O3,0
CL,Chile,12,2017,SO2,0
CL,Chile,12,2019,NO2,134.8
CN,China,1,2020,CO,875
CN,China,1,2020,NO2,45.3
CN,China,1,2020,O3,57.7
CN,China,1,2020,PM2.5,100
CN,China,1,2020,SO2,12.333333333333334
CN,China,1,2021,CO,850
CN,China,1,2021,NO2,28.5
CN,China,1,2021,O3,37.5
CN,China,1,2021,PM2.5,32.5
CN,China,1,2021,SO2,8.5
CN,China,2,2019,CO,966.6666666666666
CN,China,2,2019,NO2,21.333333333333332
CN,China,2,2019,O3,124
CN,China,2,2019,PM2.5,95.66666666666667
CN,China,2,2019,SO2,18
CN,China,2,2020,CO,200
CN,China,2,2020,NO2,11
CN,China,2,2020,O3,82
CN,China,2,2020,PM2.5,25
CN,China,2,2020,SO2,8
CN,China,2,2021,CO,1100
CN,China,2,2021,NO2,23
CN,China,2,2021,O3,82
CN,China,2,2021,PM2.5,65
CN,China,2,2021,SO2,15
CN,China,2,2023,PM2.5,49
CN,China,3,2019,CO,900
CN,China,3,2019,NO2,35.666666666666664
CN,China,3,2019,O3,83.16666666666667
CN,China,3,2019,PM2.5,39.5
CN,China,3,2019,SO2,12.6
CN,China,3,2020,CO,800
CN,China,3,2020,NO2,15
CN,China,3,2020,O3,59
CN,China,3,2020,PM2.5,36
CN,China,3,2020,SO2,14.5
CN,China,3,2024,CO,583.9321249302844
CN,China,3,2024,NO2,51.72054305839582
CN,China,3,2024,O3,44.71628834355828
CN,China,3,2024,PM2.5,17.104761904761904
CN,China,3,2024,SO2,3.1689388775278347
CN,China,4,2020,CO,700
CN,China,4,2020,NO2,5
CN,China,4,2020,O3,121
CN,China,4,2020,PM2.5,54
CN,China,4,2020,SO2,13
CN,China,4,2021,CO,300
CN,China,4,2021,NO2,66
CN,China,4,2021,O3,86
CN,China,4,2021,PM2.5,44
CN,China,4,2021,SO2,14
CN,China,5,2019,CO,300
CN,China,5,2019,NO2,11
CN,China,5,2019,O3,144
CN,China,5,2019,PM2.5,18
CN,China,5,2019,SO2,6
CN,China,5,2020,CO,466.6666666666667
CN,China,5,2020,NO2,4.5
CN,China,5,2020,O3,109.33333333333333
CN,China,5,2020,PM2.5,14.75
CN,China,5,2020,SO2,5.333333333333333
CN,China,5,2021,CO,300
CN,China,5,2021,NO2,10
CN,China,5,2021,O3,127
CN,China,5,2021,PM2.5,19
CN,China,5,2021,SO2,5
CN,China,5,2023,PM2.5,28
CN,China,5,2023,SO2,3.668629856850715
CN,China,6,2020,CO,550
CN,China,6,2020,NO2,15
CN,China,6,2020,O3,93.5
CN,China,6,2020,PM2.5,28.166666666666668
CN,China,6,2020,SO2,8
CN,China,6,2021,CO,400
CN,China,6,2021,NO2,45
CN,China,6,2021,O3,116
CN,China,6,2021,PM2.5,23.5
CN,China,6,2021,SO2,8
CN,China,6,2022,PM2.5,6.8
CN,China,7,2021,CO,571.4285714285714
CN,China,7,2021,NO2,7.857142857142857
CN,China,7,2021,O3,90.85714285714286
CN,China,7,2021,PM2.5,6.666666666666667
CN,China,7,2021,SO2,5.142857142857143
CN,China,7,2023,O3,100.12269938650307
CN,China,7,2023,PM2.5,7.6
CN,China,8,2018,CO,668
CN,China,8,2018,NO2,14
CN,China,8,2018,O3,47
CN,China,8,2018,PM2.5,30
CN,China,8,2018,SO2,4
CN,China,8,2019,CO,775
CN,China,8,2019,NO2,14.5
CN,China,8,2019,O3,157
CN,China,8,2019,PM2.5,29
CN,China,8,2019,SO2,5.5
CN,China,8,2021,CO,626.7456359102245
CN,China,8,2021,NO2,15.74436090225564
CN,China,8,2021,O3,141.3271028037383
CN,China,8,2021,PM2.5,19.804619225967542
CN,China,8,2021,SO2,6.068381430363864
CN,China,8,2023,PM2.5,24.5
CN,China,9,2020,CO,600
CN,China,9,2020,NO2,21.5
CN,China,9,2020,O3,141
CN,China,9,2020,PM2.5,23
CN,China,9,2020,SO2,13
CN,China,10,2018,CO,1100
CN,China,10,2018,NO2,27
CN,China,10,2018,O3,82
CN,China,10,2018,PM2.5,56
CN,China,10,2018,SO2,4
CN,China,10,2019,CO,1100
CN,China,10,2019,NO2,39.5
CN,China,10,2019,PM2.5,80
CN,China,10,2019,SO2,7.5
CN,China,11,2018,CO,733.3333333333334
CN,China,11,2018,NO2,37
CN,China,11,2018,O3,63
CN,China,11,2018,PM2.5,44.666666666666664
CN,China,11,2018,SO2,13.5
CN,China,11,2019,CO,500
CN,China,11,2019,NO2,7
CN,China,11,2019,PM2.5,4
CN,China,11,2019,SO2,9
CN,China,11,2020,CO,700
CN,China,11,2020,NO2,67
CN,China,11,2020,O3,117
CN,China,11,2020,PM2.5,63
CN,China,11,2020,SO2,9
CN,China,12,2018,CO,840
CN,China,12,2018,NO2,38.8
CN,China,12,2018,O3,42.6
CN,China,12,2018,PM2.5,56
CN,China,12,2018,SO2,12.6
CN,China,12,2019,CO,700
CN,China,12,2019,NO2,28.125
CN,China,12,2019,O3,42.25
CN,China,12,2019,PM2.5,35.125
CN,China,12,2019,SO2,10.166666666666666
CN,China,12,2020,CO,713.1578947368421
CN,China,12,2020,NO2,34.83116883116883
CN,China,12,2020,O3,64.99354838709678
CN,China,12,2020,PM2.5,38.61842105263158
CN,China,12,2020,SO2,10.034246575342467
CO,Colombia,1,2022,CO,1887.5497942740292
CO,Colombia,1,2022,PM2.5,995
CO,Colombia,1,2023,NO2,31.559096400817992
CO,Colombia,1,2023,PM2.5,15
CO,Colombia,2,2022,O3,37.49693251533742
CO,Colombia,2,2022,PM2.5,12
CO,Colombia,3,2022,O3,18.469253496932517
CO,Colombia,3,2024,CO,2648.8066053169737
CO,Colombia,3,2024,NO2,53.344784355828224
CO,Colombia,3,2024,O3,44.61581349693252
CO,Colombia,3,2024,PM2.5,26.248494444444447
CO,Colombia,4,2022,CO,984.241261821614
CO,Colombia,4,2022,NO2,36.4808521809344
CO,Colombia,4,2022,O3,8.319715468302658
CO,Colombia,4,2022,PM2.5,22.348262124999998
CO,Colombia,4,2022,SO2,6.610204198332546
CO,Colombia,4,2023,NO2,19.650880408997956
CO,Colombia,7,2021,SO2,114.85927166871164
CO,Colombia,8,2021,CO,425.5572474437629
CO,Colombia,8,2021,NO2,23.101084687116565
CO,Colombia,8,2021,O3,11.723121472392638
CO,Colombia,8,2021,PM2.5,9.243975
CO,Colombia,9,2019,PM2.5,40.3109
CO,Colombia,10,2019,NO2,24.70840498977505
CO,Colombia,10,2019,O3,22.57668711656442
CO,Colombia,10,2019,PM2.5,10.995155
CO,Colombia,11,2016,PM2.5,10.6
CO,Colombia,12,2021,O3,0
CO,Colombia,12,2022,NO2,8.423687689161554
CO,Colombia,12,2022,SO2,8.385439672801636
CS,Serbia and Montenegro,5,2023,PM2.5,14
CW,NA,5,2023,O3,25.52147239263804
CY,Cyprus,3,2024,CO,507.660725
CY,Cyprus,3,2024,NO2,31.72389772727273
CY,Cyprus,3,2024,O3,46.576344909090906
CY,Cyprus,3,2024,PM2.5,9.570092
CY,Cyprus,3,2024,SO2,2.667164718181818
CY,Cyprus,9,2023,CO,34330.65
CZ,Czech Republic,1,2017,CO,757
CZ,Czech Republic,1,2017,NO2,7.1
CZ,Czech Republic,1,2017,SO2,10.1
CZ,Czech Republic,1,2023,PM2.5,10.1686
CZ,Czech Republic,1,2024,NO2,2.5
CZ,Czech Republic,1,2024,O3,70.65856666666667
CZ,Czech Republic,1,2024,PM2.5,2
CZ,Czech Republic,2,2020,SO2,4.3
CZ,Czech Republic,2,2023,NO2,19.5
CZ,Czech Republic,3,2017,PM2.5,26
CZ,Czech Republic,3,2017,SO2,5.3
CZ,Czech Republic,3,2020,O3,9
CZ,Czech Republic,3,2021,PM2.5,4
CZ,Czech Republic,3,2024,CO,452.39283181818183
CZ,Czech Republic,3,2024,NO2,9.833258064516128
CZ,Czech Republic,3,2024,O3,57.28505172413793
CZ,Czech Republic,3,2024,PM1,26.719717224438984
CZ,Czech Republic,3,2024,PM2.5,17.19389456937252
CZ,Czech Republic,3,2024,SO2,4.245295454545454
CZ,Czech Republic,4,2018,CO,135
CZ,Czech Republic,4,2018,NO2,11.950000000000001
CZ,Czech Republic,4,2018,O3,107.6
CZ,Czech Republic,4,2018,PM2.5,16.333333333333332
CZ,Czech Republic,4,2018,SO2,6.1000000000000005
CZ,Czech Republic,4,2019,NO2,23.3
CZ,Czech Republic,5,2017,PM2.5,11
CZ,Czech Republic,7,2017,CO,308
CZ,Czech Republic,8,2023,PM2.5,26.541666507720947
CZ,Czech Republic,9,2023,CO,117.655
CZ,Czech Republic,9,2023,NO2,14
CZ,Czech Republic,9,2023,O3,72.6
CZ,Czech Republic,12,2016,NO2,14.833333333333334
CZ,Czech Republic,12,2016,SO2,6.7
CZ,Czech Republic,12,2018,CO,501.955
CZ,Czech Republic,12,2018,NO2,4.87695
CZ,Czech Republic,12,2018,O3,56.0676
CZ,Czech Republic,12,2018,SO2,2.54161
CZ,Czech Republic,12,2019,NO2,2.12657
CZ,Czech Republic,12,2019,SO2,6.37883
DE,Germany,1,2017,CO,500
DE,Germany,1,2017,NO2,62.17314148
DE,Germany,1,2017,O3,14.64406948
DE,Germany,1,2017,PM2.5,3.684
DE,Germany,1,2017,SO2,1.7998158933333332
DE,Germany,1,2018,CO,260
DE,Germany,1,2018,NO2,20.865000000000002
DE,Germany,1,2019,CO,380
DE,Germany,1,2019,NO2,24.66
DE,Germany,1,2019,PM2.5,5.395
DE,Germany,1,2019,SO2,0.15
DE,Germany,1,2020,NO2,23.225
DE,Germany,1,2020,O3,21.05
DE,Germany,1,2020,PM2.5,10.48
DE,Germany,1,2020,SO2,1.33
DE,Germany,1,2021,CO,290
DE,Germany,1,2021,NO2,15.265
DE,Germany,1,2021,O3,34.805
DE,Germany,1,2021,PM2.5,22.925
DE,Germany,1,2023,CO,187.98223
DE,Germany,1,2023,SO2,1.08867527
DE,Germany,1,2024,CO,1187.2376199999999
DE,Germany,1,2024,NO2,37.042007275172416
DE,Germany,1,2024,O3,21.976101720625
DE,Germany,1,2024,PM2.5,18.53706248826087
DE,Germany,1,2024,SO2,1.16244816
DE,Germany,2,2020,NO2,1.8
DE,Germany,2,2020,O3,96
DE,Germany,2,2022,SO2,7.9
DE,Germany,2,2023,CO,182.03421
DE,Germany,2,2023,SO2,0.7758026366666667
DE,Germany,2,2024,NO2,6.7
DE,Germany,2,2024,PM2.5,35.840773264567055
DE,Germany,3,2017,NO2,23.05
DE,Germany,3,2017,O3,56.97
DE,Germany,3,2020,NO2,43.08
DE,Germany,3,2023,SO2,0.79889536
DE,Germany,3,2024,CO,311.59095797297294
DE,Germany,3,2024,NO2,13.198590493298969
DE,Germany,3,2024,O3,40.18572309022388
DE,Germany,3,2024,PM1,17.606018059341995
DE,Germany,3,2024,PM2.5,18.542614455587664
DE,Germany,3,2024,SO2,1.404651978
DE,Germany,4,2017,SO2,1.74
DE,Germany,4,2018,SO2,6.71
DE,Germany,4,2019,SO2,1.8650000000000002
DE,Germany,5,2018,NO2,24.56
DE,Germany,5,2018,O3,31.845
DE,Germany,5,2018,PM2.5,10.39
DE,Germany,5,2018,SO2,4.01
DE,Germany,5,2023,SO2,0.79889536
DE,Germany,6,2017,NO2,5.25
DE,Germany,6,2017,O3,71.85
DE,Germany,6,2018,SO2,2.175
DE,Germany,6,2020,SO2,0.86
DE,Germany,7,2017,NO2,12.52
DE,Germany,7,2017,O3,62.27
DE,Germany,7,2020,O3,31
DE,Germany,7,2021,NO2,12.02
DE,Germany,7,2021,PM2.5,21.68
DE,Germany,7,2022,CO,150
DE,Germany,7,2022,NO2,7.35
DE,Germany,7,2022,PM2.5,15.98
DE,Germany,7,2023,CO,187.79462999999998
DE,Germany,7,2023,NO2,33.794
DE,Germany,7,2023,PM2.5,4.4985
DE,Germany,8,2019,SO2,2.4
DE,Germany,8,2020,CO,170
DE,Germany,9,2017,SO2,1.52
DE,Germany,9,2018,CO,380
DE,Germany,9,2018,NO2,36
DE,Germany,9,2018,PM2.5,17.37
DE,Germany,9,2019,SO2,0
DE,Germany,9,2023,NO2,1.74142039
DE,Germany,9,2023,O3,59.58913422
DE,Germany,9,2023,PM2.5,3.04974985
DE,Germany,10,2017,SO2,7.26
DE,Germany,10,2023,NO2,2.19965
DE,Germany,10,2023,O3,63.8493
DE,Germany,11,2017,SO2,110.03
DE,Germany,11,2019,O3,0
DE,Germany,12,2016,CO,450
DE,Germany,12,2016,NO2,27.45923468
DE,Germany,12,2016,O3,10.661942434
DE,Germany,12,2016,PM2.5,16.985
DE,Germany,12,2016,SO2,2.75
DE,Germany,12,2017,CO,330
DE,Germany,12,2017,SO2,4.4875
DE,Germany,12,2018,CO,210
DE,Germany,12,2018,NO2,22.55
DE,Germany,12,2018,PM2.5,8.13
DE,Germany,12,2018,SO2,0.8466666666666667
DE,Germany,12,2019,CO,165
DE,Germany,12,2019,NO2,13.98
DE,Germany,12,2019,O3,13
DE,Germany,12,2019,PM2.5,20.99
DE,Germany,12,2020,CO,200
DE,Germany,12,2020,SO2,1.24
DE,Germany,12,2021,NO2,12.708
DE,Germany,12,2021,O3,36.379
DE,Germany,12,2021,PM2.5,2
DE,Germany,12,2021,SO2,1.94
DE,Germany,12,2022,CO,280
DE,Germany,12,2022,O3,49.1
DE,Germany,12,2023,CO,560
DE,Germany,12,2023,NO2,21.47
DE,Germany,12,2023,O3,50.1849
DE,Germany,12,2023,PM2.5,30.4475
DE,Germany,12,2023,SO2,0.75
DK,Denmark,1,2017,NO2,15.605
DK,Denmark,1,2017,O3,56.19
DK,Denmark,1,2017,SO2,1.26
DK,Denmark,1,2024,CO,290
DK,Denmark,1,2024,NO2,26.46
DK,Denmark,1,2024,O3,12.28
DK,Denmark,2,2017,CO,600
DK,Denmark,3,2024,CO,250
DK,Denmark,3,2024,NO2,18.60875
DK,Denmark,3,2024,O3,40.00333333333333
DK,Denmark,3,2024,SO2,1.04
DK,Denmark,5,2021,NO2,3.42
DK,Denmark,8,2023,PM2.5,1.6279761989911397
DK,Denmark,12,2023,PM2.5,0
DZ,Algeria,3,2024,PM2.5,78
EC,Ecuador,4,2021,CO,967.2121889453697
EC,Ecuador,11,2021,O3,0
EC,Ecuador,11,2021,PM2.5,0
EE,Estonia,9,2021,CO,216.1784
EE,Estonia,9,2021,NO2,4.962158
EE,Estonia,9,2021,O3,52.7703
EE,Estonia,9,2021,PM2.5,5.824125
EE,Estonia,9,2021,SO2,0.40709083333333335
EG,Egypt,3,2024,PM2.5,20
EG,Egypt,9,2023,PM2.5,35
ES,Spain,1,2018,CO,240
ES,Spain,1,2018,O3,54.63
ES,Spain,1,2018,PM2.5,9.05
ES,Spain,1,2018,SO2,2.4
ES,Spain,1,2019,NO2,15
ES,Spain,1,2019,SO2,6
ES,Spain,1,2020,CO,335
ES,Spain,1,2020,SO2,1
ES,Spain,1,2021,O3,31
ES,Spain,1,2022,CO,200
ES,Spain,1,2022,NO2,3.85
ES,Spain,1,2022,O3,57
ES,Spain,1,2022,PM2.5,4.3
ES,Spain,1,2022,SO2,2.45
ES,Spain,1,2024,CO,379.10526315789474
ES,Spain,1,2024,NO2,23.963925925925928
ES,Spain,1,2024,O3,33.68780701754386
ES,Spain,1,2024,PM2.5,14.362352941176471
ES,Spain,1,2024,SO2,2.7737894736842104
ES,Spain,2,2020,CO,100
ES,Spain,2,2020,NO2,8
ES,Spain,2,2020,SO2,2
ES,Spain,2,2022,CO,380
ES,Spain,2,2022,NO2,35.2
ES,Spain,2,2022,O3,11
ES,Spain,2,2022,PM2.5,8.5
ES,Spain,2,2022,SO2,3.5
ES,Spain,2,2023,CO,100
ES,Spain,2,2023,NO2,8
ES,Spain,2,2023,O3,28
ES,Spain,2,2023,SO2,4
ES,Spain,2,2024,CO,330
ES,Spain,2,2024,NO2,11.26
ES,Spain,2,2024,O3,45.6
ES,Spain,2,2024,PM2.5,7.72
ES,Spain,2,2024,SO2,2.6714285714285713
ES,Spain,3,2020,CO,640
ES,Spain,3,2021,NO2,18
ES,Spain,3,2021,O3,46
ES,Spain,3,2021,SO2,7
ES,Spain,3,2022,NO2,4
ES,Spain,3,2022,O3,84
ES,Spain,3,2022,SO2,5
ES,Spain,3,2024,CO,290.3791208791209
ES,Spain,3,2024,NO2,8.596428571428572
ES,Spain,3,2024,O3,72.91095367847412
ES,Spain,3,2024,PM1,9.34548611442248
ES,Spain,3,2024,PM2.5,5.815694444723297
ES,Spain,3,2024,SO2,2.9530461538461537
ES,Spain,4,2018,CO,470
ES,Spain,4,2018,NO2,50.5
ES,Spain,4,2023,CO,100
ES,Spain,4,2023,NO2,32
ES,Spain,4,2023,SO2,3
ES,Spain,5,2017,PM2.5,2
ES,Spain,5,2017,SO2,5
ES,Spain,5,2018,SO2,7
ES,Spain,6,2020,NO2,1
ES,Spain,6,2020,SO2,1.7
ES,Spain,6,2022,CO,159
ES,Spain,6,2022,NO2,6
ES,Spain,6,2022,O3,80
ES,Spain,6,2022,SO2,3
ES,Spain,6,2023,SO2,1.05
ES,Spain,7,2017,CO,100
ES,Spain,7,2017,NO2,8.333333333333334
ES,Spain,7,2017,O3,54
ES,Spain,7,2017,PM2.5,10
ES,Spain,7,2017,SO2,1
ES,Spain,7,2020,SO2,2
ES,Spain,8,2023,NO2,7
ES,Spain,8,2023,O3,63.2
ES,Spain,8,2023,PM2.5,9
ES,Spain,8,2023,SO2,1.25
ES,Spain,9,2018,O3,19
ES,Spain,9,2020,CO,300
ES,Spain,9,2020,NO2,13.5
ES,Spain,9,2020,O3,76
ES,Spain,9,2020,SO2,5
ES,Spain,9,2023,NO2,3
ES,Spain,10,2017,NO2,4
ES,Spain,10,2017,O3,56
ES,Spain,10,2018,NO2,9
ES,Spain,10,2018,SO2,4.5
ES,Spain,10,2019,NO2,0
ES,Spain,10,2019,O3,0
ES,Spain,10,2019,PM2.5,0
ES,Spain,10,2019,SO2,0
ES,Spain,10,2020,SO2,0.1
ES,Spain,10,2022,CO,100
ES,Spain,10,2022,O3,33
ES,Spain,10,2023,CO,100
ES,Spain,10,2023,NO2,3
ES,Spain,10,2023,SO2,3
ES,Spain,11,2017,CO,50000
ES,Spain,11,2018,CO,100
ES,Spain,11,2018,SO2,4
ES,Spain,11,2023,CO,100
ES,Spain,11,2023,NO2,4
ES,Spain,11,2023,SO2,4
ES,Spain,12,2016,CO,500
ES,Spain,12,2017,CO,100
ES,Spain,12,2018,SO2,5
ES,Spain,12,2019,NO2,0
ES,Spain,12,2019,O3,0
ES,Spain,12,2019,SO2,0
ES,Spain,12,2020,CO,200
ES,Spain,12,2022,CO,450
ES,Spain,12,2022,NO2,2
ES,Spain,12,2022,SO2,0
ES,Spain,12,2023,CO,340
ES,Spain,12,2023,SO2,0.1
ET,Ethiopia,3,2024,PM2.5,28
ET,Ethiopia,9,2021,PM2.5,31
FI,Finland,1,2020,PM2.5,3.196193
FI,Finland,1,2022,NO2,15.3650872
FI,Finland,1,2023,NO2,5.3952725
FI,Finland,1,2024,NO2,2.3322474
FI,Finland,1,2024,O3,69.1167896
FI,Finland,1,2024,PM2.5,2.4507703899999997
FI,Finland,1,2024,SO2,0.719224475
FI,Finland,2,2024,PM2.5,0
FI,Finland,3,2024,NO2,11.83115248064516
FI,Finland,3,2024,O3,83.22699726363636
FI,Finland,3,2024,PM2.5,3.051025314210526
FI,Finland,3,2024,SO2,0.8228544333333333
FI,Finland,4,2019,NO2,48.4
FI,Finland,5,2017,NO2,0.7986081
FI,Finland,5,2017,O3,62.669384
FI,Finland,5,2022,NO2,9.2644789
FI,Finland,6,2022,NO2,9.6610551
FI,Finland,8,2018,NO2,14.5
FI,Finland,9,2018,NO2,18
FI,Finland,12,2016,PM2.5,3
FI,Finland,12,2018,NO2,9.3
FI,Finland,12,2018,O3,30.2
FI,Finland,12,2018,PM2.5,6.4
FI,Finland,12,2019,O3,0
FI,Finland,12,2021,PM2.5,6.5554129
FR,France,1,2017,CO,534.1666666666666
FR,France,1,2018,NO2,38.64
FR,France,1,2018,O3,62.8
FR,France,1,2018,SO2,1.9975
FR,France,1,2019,CO,482
FR,France,1,2019,NO2,26.9
FR,France,1,2019,O3,25.1
FR,France,1,2019,PM2.5,8.1
FR,France,1,2019,SO2,0.8
FR,France,1,2020,NO2,12.35
FR,France,1,2020,O3,35.65
FR,France,1,2020,PM2.5,17.1
FR,France,1,2021,CO,370.5
FR,France,1,2021,NO2,15.649999999999999
FR,France,1,2021,PM2.5,5.5
FR,France,1,2021,SO2,1.2
FR,France,1,2022,CO,470
FR,France,1,2022,NO2,25.033333333333335
FR,France,1,2022,O3,16.8
FR,France,1,2022,PM2.5,6.6
FR,France,1,2022,SO2,2.2666666666666666
FR,France,1,2023,NO2,18.240000000000002
FR,France,1,2023,O3,51.2
FR,France,1,2023,PM2.5,5.05
FR,France,1,2024,CO,433.3333333333333
FR,France,1,2024,NO2,28.871739130434783
FR,France,1,2024,O3,52.9
FR,France,1,2024,PM2.5,10.37948717948718
FR,France,1,2024,SO2,1.1875
FR,France,2,2018,NO2,46.035
FR,France,2,2018,O3,0.75
FR,France,2,2018,PM2.5,6.05
FR,France,2,2018,SO2,0.215
FR,France,2,2019,O3,51.3
FR,France,2,2020,NO2,7.12
FR,France,2,2020,O3,57.8
FR,France,2,2020,SO2,0.95
FR,France,2,2023,NO2,5.7
FR,France,2,2023,O3,49.8
FR,France,2,2024,NO2,31.3
FR,France,2,2024,O3,35.1
FR,France,2,2024,PM2.5,11.170238089561462
FR,France,3,2017,NO2,11.32
FR,France,3,2017,O3,49.65
FR,France,3,2017,SO2,1.53
FR,France,3,2020,NO2,32.36666666666667
FR,France,3,2020,O3,29.8
FR,France,3,2020,SO2,3.9
FR,France,3,2021,NO2,9.25
FR,France,3,2021,O3,70.45
FR,France,3,2022,NO2,47.7
FR,France,3,2024,CO,291.82666666666665
FR,France,3,2024,NO2,23.872696266666665
FR,France,3,2024,O3,43.86514113924051
FR,France,3,2024,PM1,0
FR,France,3,2024,PM2.5,7.1252252252252255
FR,France,3,2024,SO2,1.0615
FR,France,4,2017,CO,127.5
FR,France,4,2017,NO2,13.95
FR,France,4,2017,O3,4.6
FR,France,4,2017,SO2,0.9
FR,France,4,2018,CO,171.4
FR,France,4,2018,NO2,7.951666666666667
FR,France,4,2018,O3,68.98884615384615
FR,France,4,2018,PM2.5,7.802857142857143
FR,France,4,2018,SO2,2.678
FR,France,4,2019,CO,218
FR,France,4,2019,O3,62.2
FR,France,4,2020,O3,29.8
FR,France,4,2020,SO2,1.1
FR,France,4,2021,NO2,9.1
FR,France,4,2021,O3,51.6
FR,France,4,2022,CO,35
FR,France,4,2023,NO2,16.4
FR,France,4,2023,O3,63.1
FR,France,4,2023,PM2.5,0.9
FR,France,5,2017,CO,159.6
FR,France,5,2017,NO2,20.925
FR,France,5,2017,O3,42.015
FR,France,5,2019,CO,133
FR,France,5,2019,NO2,6
FR,France,5,2019,O3,92.4
FR,France,5,2019,SO2,1.2
FR,France,5,2020,NO2,11.2
FR,France,5,2020,SO2,1.7666666666666668
FR,France,5,2021,CO,206
FR,France,5,2021,NO2,4.2
FR,France,5,2021,O3,60.4
FR,France,5,2021,PM2.5,9.4
FR,France,5,2023,PM2.5,15.7
FR,France,6,2017,NO2,4.59
FR,France,6,2017,O3,56.675
FR,France,6,2017,SO2,1.6833333333333333
FR,France,6,2018,NO2,7.68
FR,France,6,2018,O3,67.58
FR,France,6,2019,NO2,24
FR,France,6,2019,O3,23.1
FR,France,6,2019,PM2.5,2
FR,France,6,2019,SO2,2.3
FR,France,6,2020,NO2,4.75
FR,France,6,2020,PM2.5,9.7
FR,France,6,2023,NO2,12.9
FR,France,6,2023,PM2.5,3
FR,France,7,2017,CO,200
FR,France,7,2017,NO2,23.965
FR,France,7,2017,PM2.5,12.95
FR,France,7,2017,SO2,3.2433333333333336
FR,France,7,2018,NO2,6.7275
FR,France,7,2018,O3,83.93
FR,France,7,2018,SO2,0.85
FR,France,7,2019,NO2,7.766666666666667
FR,France,7,2019,O3,115.9
FR,France,7,2021,NO2,1.3
FR,France,7,2022,PM2.5,1.2
FR,France,7,2023,CO,14
FR,France,8,2018,CO,149
FR,France,8,2018,NO2,6.68
FR,France,8,2018,O3,73.2025
FR,France,8,2019,CO,108
FR,France,8,2019,SO2,2.216666666666667
FR,France,8,2023,PM2.5,5
FR,France,8,2023,SO2,1.1
FR,France,9,2019,CO,166
FR,France,9,2019,NO2,33.2
FR,France,9,2019,O3,23
FR,France,9,2019,PM2.5,7.4
FR,France,9,2019,SO2,1.9249999999999998
FR,France,10,2017,O3,39.13
FR,France,10,2018,O3,102.3
FR,France,10,2019,SO2,2.7
FR,France,10,2021,NO2,14.8
FR,France,10,2021,O3,33.4
FR,France,10,2021,SO2,0.5
FR,France,10,2023,NO2,8
FR,France,10,2023,O3,0.3
FR,France,10,2023,PM2.5,7.7
FR,France,11,2016,NO2,4.5
FR,France,11,2016,O3,35.5
FR,France,11,2017,O3,74.88
FR,France,11,2019,O3,64.3
FR,France,11,2023,PM2.5,3.6500000000000004
FR,France,12,2016,CO,0
FR,France,12,2016,NO2,42.47857142857143
FR,France,12,2016,O3,12.492857142857142
FR,France,12,2016,PM2.5,37.125
FR,France,12,2016,SO2,2.6357142857142857
FR,France,12,2017,CO,30.5
FR,France,12,2017,NO2,38.044285714285714
FR,France,12,2017,O3,35.045
FR,France,12,2017,PM2.5,10.15
FR,France,12,2018,NO2,26.525
FR,France,12,2018,O3,1.1
FR,France,12,2018,PM2.5,4.25
FR,France,12,2019,NO2,18.675
FR,France,12,2019,O3,60
FR,France,12,2019,PM2.5,12.1
FR,France,12,2019,SO2,0.9
FR,France,12,2020,NO2,24.225
FR,France,12,2020,O3,20.400000000000002
FR,France,12,2020,PM2.5,14.5
FR,France,12,2020,SO2,0.35
FR,France,12,2021,NO2,4.233333333333333
FR,France,12,2021,O3,53.6
FR,France,12,2021,PM2.5,2.6
FR,France,12,2022,NO2,7.1
FR,France,12,2022,O3,43.8
FR,France,12,2022,PM2.5,3.9
FR,France,12,2022,SO2,5.3
FR,France,12,2023,CO,270
FR,France,12,2023,NO2,46.8
FR,France,12,2023,PM2.5,0.9
GA,Gabon,2,2022,PM2.5,17
GB,United Kingdom,1,2022,NO2,18.98
GB,United Kingdom,1,2022,O3,48.150000000000006
GB,United Kingdom,1,2022,PM2.5,9
GB,United Kingdom,1,2023,NO2,30.25
GB,United Kingdom,1,2023,PM2.5,9
GB,United Kingdom,1,2024,CO,100
GB,United Kingdom,1,2024,NO2,25.6375
GB,United Kingdom,1,2024,O3,51.25
GB,United Kingdom,1,2024,PM2.5,13.2
GB,United Kingdom,1,2024,SO2,2
GB,United Kingdom,2,2016,PM2.5,10
GB,United Kingdom,2,2022,NO2,22.84
GB,United Kingdom,2,2022,O3,71.9
GB,United Kingdom,2,2022,PM2.5,2.6
GB,United Kingdom,2,2023,NO2,18.022222222222222
GB,United Kingdom,2,2023,O3,49.628571428571426
GB,United Kingdom,2,2023,PM2.5,12
GB,United Kingdom,2,2023,SO2,1.7
GB,United Kingdom,2,2024,CO,300
GB,United Kingdom,2,2024,NO2,25.016666666666666
GB,United Kingdom,2,2024,O3,52.3
GB,United Kingdom,2,2024,PM2.5,8.666666666666666
GB,United Kingdom,2,2024,SO2,0.5
GB,United Kingdom,3,2016,NO2,7
GB,United Kingdom,3,2016,O3,74
GB,United Kingdom,3,2016,PM2.5,8
GB,United Kingdom,3,2017,NO2,15
GB,United Kingdom,3,2017,O3,60
GB,United Kingdom,3,2019,NO2,4
GB,United Kingdom,3,2019,O3,71
GB,United Kingdom,3,2024,CO,430
GB,United Kingdom,3,2024,NO2,32.748805970149256
GB,United Kingdom,3,2024,O3,43.16822784810127
GB,United Kingdom,3,2024,PM1,21.441539888028746
GB,United Kingdom,3,2024,PM2.5,19.063378288884643
GB,United Kingdom,3,2024,SO2,1.6346153846153846
GB,United Kingdom,4,2016,NO2,20
GB,United Kingdom,4,2016,O3,52
GB,United Kingdom,4,2016,SO2,2
GB,United Kingdom,4,2017,PM2.5,11
GB,United Kingdom,4,2018,NO2,24
GB,United Kingdom,4,2023,NO2,59.2
GB,United Kingdom,5,2023,NO2,22.2
GB,United Kingdom,5,2023,O3,55.4
GB,United Kingdom,6,2017,NO2,32.5
GB,United Kingdom,6,2017,PM2.5,3
GB,United Kingdom,6,2019,NO2,25
GB,United Kingdom,6,2021,NO2,39
GB,United Kingdom,6,2021,PM2.5,11
GB,United Kingdom,6,2022,NO2,11.5
GB,United Kingdom,6,2023,NO2,24.25
GB,United Kingdom,6,2023,PM2.5,8
GB,United Kingdom,6,2023,SO2,4.5
GB,United Kingdom,7,2016,NO2,13
GB,United Kingdom,7,2016,O3,63
GB,United Kingdom,7,2022,NO2,27.1
GB,United Kingdom,7,2023,NO2,20.825
GB,United Kingdom,7,2023,O3,52.95
GB,United Kingdom,7,2023,PM2.5,5
GB,United Kingdom,8,2020,NO2,13
GB,United Kingdom,8,2020,O3,4
GB,United Kingdom,8,2022,NO2,5.6
GB,United Kingdom,8,2022,PM2.5,21
GB,United Kingdom,8,2023,NO2,11.433333333333334
GB,United Kingdom,9,2016,NO2,24
GB,United Kingdom,9,2016,O3,4
GB,United Kingdom,9,2016,PM2.5,15
GB,United Kingdom,9,2023,NO2,39
GB,United Kingdom,9,2023,PM2.5,16.40624924500783
GB,United Kingdom,10,2016,O3,51.5
GB,United Kingdom,10,2021,NO2,7
GB,United Kingdom,10,2021,O3,67
GB,United Kingdom,10,2021,PM2.5,3
GB,United Kingdom,10,2022,O3,24.7
GB,United Kingdom,10,2023,NO2,44.4
GB,United Kingdom,10,2023,PM2.5,7.815000057220459
GB,United Kingdom,11,2021,NO2,35.95
GB,United Kingdom,11,2021,O3,48.9
GB,United Kingdom,11,2023,NO2,18.35
GB,United Kingdom,11,2023,O3,24.95
GB,United Kingdom,12,2023,O3,45.1
GB,United Kingdom,12,2023,PM2.5,6
GH,Ghana,1,2024,PM2.5,299.32142639160156
GH,Ghana,2,2024,PM2.5,44.339567011052914
GH,Ghana,3,2024,PM1,12.648313442866009
GH,Ghana,3,2024,PM2.5,19.713789463043213
GI,Gibraltar,4,2018,CO,470
GI,Gibraltar,4,2018,NO2,38.03333333333333
GI,Gibraltar,4,2018,O3,84.2
GI,Gibraltar,4,2018,SO2,1.5
GR,Greece,1,2022,SO2,19
GR,Greece,1,2023,NO2,1
GR,Greece,1,2024,CO,1000
GR,Greece,1,2024,NO2,32.6
GR,Greece,1,2024,O3,31.7
GR,Greece,1,2024,PM2.5,17.4
GR,Greece,1,2024,SO2,6.285714285714286
GR,Greece,2,2024,PM2.5,24
GR,Greece,3,2024,CO,1000
GR,Greece,3,2024,NO2,19.285714285714285
GR,Greece,3,2024,O3,51.31578947368421
GR,Greece,3,2024,PM2.5,14.1
GR,Greece,3,2024,SO2,4.25
GR,Greece,7,2022,CO,100
GR,Greece,7,2022,O3,9
GR,Greece,9,2021,NO2,5
GR,Greece,12,2023,NO2,50
GT,Guatemala,3,2024,O3,0
GT,Guatemala,3,2024,PM2.5,33
HK,"Hong Kong, China",5,2023,CO,654.6727272727272
HK,"Hong Kong, China",5,2023,NO2,60.21111111111111
HK,"Hong Kong, China",5,2023,O3,45.35
HK,"Hong Kong, China",5,2023,PM2.5,35.05
HK,"Hong Kong, China",5,2023,SO2,5.383333333333333
HR,Croatia,1,2022,CO,200
HR,Croatia,2,2024,CO,375
HR,Croatia,2,2024,NO2,15.324071428571429
HR,Croatia,2,2024,O3,77.53636363636363
HR,Croatia,2,2024,PM2.5,9.1
HR,Croatia,2,2024,SO2,6.0136666666666665
HR,Croatia,6,2022,PM2.5,12.1
HR,Croatia,12,2019,NO2,3.4
HR,Croatia,12,2019,O3,65
HR,Croatia,12,2019,PM2.5,1
HR,Croatia,12,2021,CO,500
HU,Hungary,1,2021,CO,733.0179365384615
HU,Hungary,1,2024,NO2,36.6
HU,Hungary,1,2024,O3,25.399224175
HU,Hungary,1,2024,PM2.5,17
HU,Hungary,1,2024,SO2,6.046246666666667
HU,Hungary,2,2024,NO2,29.6481625
HU,Hungary,2,2024,O3,58.87899
HU,Hungary,2,2024,SO2,13.94708815
HU,Hungary,3,2024,CO,862.8837209302326
HU,Hungary,3,2024,NO2,32.4666081
HU,Hungary,3,2024,O3,36.75657617288135
HU,Hungary,3,2024,PM2.5,18.53718372631579
HU,Hungary,3,2024,SO2,5.300254093877551
HU,Hungary,4,2023,CO,450.14285714285717
HU,Hungary,4,2023,NO2,18.642857142857142
HU,Hungary,4,2023,O3,78.88888888888889
HU,Hungary,4,2023,PM2.5,8.75
HU,Hungary,4,2023,SO2,3.6
HU,Hungary,5,2023,CO,284
HU,Hungary,5,2023,NO2,9.075
HU,Hungary,5,2023,O3,70.13333333333333
HU,Hungary,5,2023,PM2.5,10
HU,Hungary,5,2023,SO2,8.6
HU,Hungary,7,2023,CO,227.4294167
HU,Hungary,7,2023,SO2,6.7
HU,Hungary,10,2020,CO,1043.54725
HU,Hungary,11,2020,CO,339.874025
HU,Hungary,11,2023,CO,263
HU,Hungary,11,2023,NO2,4.75
HU,Hungary,11,2023,O3,32.4
HU,Hungary,11,2023,PM2.5,19
HU,Hungary,11,2023,SO2,50.050000000000004
ID,Indonesia,1,2018,PM2.5,4.4
ID,Indonesia,3,2024,PM1,36.441145737965904
ID,Indonesia,3,2024,PM2.5,50.52708339691162
ID,Indonesia,11,2016,PM2.5,28.4
ID,Indonesia,11,2023,PM2.5,28.477380911509197
IE,Ireland,1,2024,NO2,29.03
IE,Ireland,1,2024,O3,25.52
IE,Ireland,1,2024,PM2.5,11.295
IE,Ireland,2,2020,SO2,12.07492237
IE,Ireland,2,2024,NO2,49.82
IE,Ireland,3,2021,NO2,23.80443505
IE,Ireland,3,2024,CO,295
IE,Ireland,3,2024,NO2,24.052307692307693
IE,Ireland,3,2024,O3,40.07875
IE,Ireland,3,2024,PM2.5,19.362222222222222
IE,Ireland,3,2024,SO2,3.7375
IE,Ireland,4,2018,CO,0.05735562
IE,Ireland,4,2018,NO2,61.52555985
IE,Ireland,4,2018,SO2,1.48986174
IE,Ireland,5,2021,CO,478.82224
IE,Ireland,5,2021,O3,44.79444
IE,Ireland,5,2021,SO2,1.38689447
IE,Ireland,6,2018,PM2.5,6.7
IE,Ireland,8,2022,PM2.5,0
IE,Ireland,8,2023,PM2.5,0.9697420845429102
IL,Israel,1,2018,NO2,82.79918200408997
IL,Israel,1,2018,O3,45.742331288343564
IL,Israel,1,2018,SO2,0.7861349693251533
IL,Israel,2,2019,CO,343.680981595092
IL,Israel,2,2019,NO2,62.6639263803681
IL,Israel,2,2019,O3,3.533742331288344
IL,Israel,2,2019,SO2,2.620449897750511
IL,Israel,3,2019,CO,458.241308793456
IL,Israel,3,2019,NO2,27.286094069529653
IL,Israel,3,2019,O3,40.834355828220865
IL,Israel,3,2019,SO2,4.454764826175868
IL,Israel,4,2019,CO,465.5983940263785
IL,Israel,4,2019,NO2,35.231470120427176
IL,Israel,4,2019,O3,25.23790047716428
IL,Israel,4,2019,SO2,2.984259932098398
IL,Israel,11,2021,PM2.5,10.1
IN,India,1,2018,O3,50.75666666666667
IN,India,1,2020,CO,1097.5
IN,India,1,2020,NO2,26.51125
IN,India,1,2020,O3,34.3
IN,India,1,2020,PM2.5,75.21124999999999
IN,India,1,2020,SO2,10.92
IN,India,1,2022,CO,1405
IN,India,1,2022,NO2,27.906666666666666
IN,India,1,2022,O3,41.66
IN,India,1,2022,PM2.5,155.5
IN,India,1,2022,SO2,11.63
IN,India,2,2017,O3,17.11
IN,India,2,2018,CO,1248.2260869565218
IN,India,2,2018,NO2,64.3564
IN,India,2,2018,O3,14.89375
IN,India,2,2018,PM2.5,160.2376923076923
IN,India,2,2018,SO2,11.3656
IN,India,2,2020,NO2,95.95
IN,India,2,2020,O3,12.37
IN,India,2,2020,SO2,31.65
IN,India,2,2022,CO,0
IN,India,2,2022,NO2,100.7
IN,India,3,2016,CO,1300
IN,India,3,2018,PM2.5,11
IN,India,3,2018,SO2,7
IN,India,3,2021,PM2.5,0
IN,India,3,2022,CO,19500
IN,India,3,2022,NO2,15
IN,India,3,2022,O3,39
IN,India,3,2022,PM2.5,112
IN,India,3,2022,SO2,22
IN,India,3,2024,PM2.5,46.25
IN,India,4,2018,O3,27
IN,India,4,2020,CO,925
IN,India,4,2020,NO2,4.75
IN,India,4,2020,O3,34.2
IN,India,4,2020,PM2.5,17
IN,India,4,2020,SO2,10.896666666666667
IN,India,5,2018,CO,1135.9176470588236
IN,India,5,2018,NO2,30.105625
IN,India,5,2018,O3,111.23117647058824
IN,India,5,2018,PM2.5,112.29411764705883
IN,India,5,2018,SO2,12.899375
IN,India,5,2022,O3,9.79
IN,India,5,2022,PM2.5,16.45
IN,India,6,2016,O3,5.63
IN,India,6,2016,PM2.5,34.6
IN,India,6,2017,CO,1220
IN,India,6,2017,NO2,39.55
IN,India,6,2017,PM2.5,24
IN,India,6,2017,SO2,95.98
IN,India,6,2022,CO,495
IN,India,6,2022,NO2,13.315000000000001
IN,India,6,2022,O3,11.206666666666667
IN,India,6,2022,PM2.5,21.959999999999997
IN,India,6,2022,SO2,8.61
IN,India,7,2019,CO,650
IN,India,7,2019,NO2,6.92
IN,India,7,2019,O3,26.4
IN,India,7,2019,PM2.5,19.93
IN,India,7,2019,SO2,9.44
IN,India,7,2021,O3,19.631901840490798
IN,India,7,2022,CO,1168.3333333333333
IN,India,7,2022,NO2,11.7325
IN,India,7,2022,O3,8.386666666666667
IN,India,7,2022,PM2.5,18.146923076923077
IN,India,7,2022,SO2,6.778888888888889
IN,India,8,2019,CO,230
IN,India,8,2019,NO2,6.08
IN,India,8,2019,O3,39.31
IN,India,8,2019,PM2.5,15.87
IN,India,8,2019,SO2,5.505000000000001
IN,India,8,2022,CO,610
IN,India,8,2022,NO2,10.683333333333334
IN,India,8,2022,O3,14.286000000000001
IN,India,8,2022,PM2.5,24.302500000000002
IN,India,8,2022,SO2,3.456666666666667
IN,India,9,2021,CO,2800
IN,India,9,2021,NO2,17.5
IN,India,9,2021,O3,25.8
IN,India,9,2021,PM2.5,50
IN,India,9,2021,SO2,2.4
IN,India,9,2022,CO,772.5
IN,India,9,2022,NO2,2.345
IN,India,9,2022,O3,14.3
IN,India,9,2022,PM2.5,4.875
IN,India,9,2022,SO2,12.22
IN,India,10,2017,CO,1275
IN,India,10,2017,NO2,27.155
IN,India,10,2017,O3,28.9
IN,India,10,2017,PM2.5,10.2
IN,India,10,2017,SO2,2.545
IN,India,10,2021,CO,4040
IN,India,10,2022,CO,987.7380666666667
IN,India,10,2022,NO2,28.46822950819672
IN,India,10,2022,O3,14.268911850177592
IN,India,10,2022,PM2.5,89.56209302325581
IN,India,10,2022,SO2,11.480068493150686
IN,India,10,2023,PM2.5,69.15238075256347
IN,India,11,2016,PM2.5,167.55
IN,India,11,2018,CO,950
IN,India,11,2018,NO2,13.54
IN,India,11,2018,PM2.5,169.69
IN,India,11,2019,PM2.5,40.9
IN,India,11,2020,CO,560
IN,India,11,2020,NO2,1.38
IN,India,11,2020,O3,12.5
IN,India,11,2020,PM2.5,0
IN,India,11,2020,SO2,8.91
IN,India,11,2021,CO,580
IN,India,11,2021,NO2,6.7
IN,India,11,2021,PM2.5,83.38
IN,India,11,2021,SO2,9.9
IN,India,12,2019,CO,660
IN,India,12,2019,NO2,8.64
IN,India,12,2019,O3,18.14
IN,India,12,2019,PM2.5,82
IN,India,12,2019,SO2,11.38
IQ,Iraq,3,2024,PM2.5,88
IQ,Iraq,8,2023,CO,94.9255
IQ,Iraq,8,2023,NO2,10.14
IQ,Iraq,8,2023,O3,54.2935
IQ,Iraq,8,2023,PM2.5,21.0965
IQ,Iraq,8,2023,SO2,627.0545
IQ,Iraq,9,2023,CO,506.799
IQ,Iraq,9,2023,NO2,10.564
IQ,Iraq,9,2023,SO2,14.89
IQ,Iraq,10,2023,O3,43.791
IQ,Iraq,10,2023,PM2.5,20.86
IS,Iceland,1,2023,SO2,4.64148
IS,Iceland,2,2024,NO2,26.6415
IS,Iceland,2,2024,PM1,2.3
IS,Iceland,2,2024,PM2.5,5
IS,Iceland,2,2024,SO2,33.29533333333333
IS,Iceland,3,2022,NO2,3.39623
IS,Iceland,3,2022,PM2.5,1.55
IS,Iceland,3,2022,SO2,0.299999
IS,Iceland,3,2024,CO,102.414
IS,Iceland,3,2024,NO2,4.724097545454546
IS,Iceland,3,2024,PM1,0.86088125
IS,Iceland,3,2024,PM2.5,3.5615781818181818
IS,Iceland,3,2024,SO2,4.99408
IS,Iceland,5,2020,PM2.5,7
IS,Iceland,7,2021,SO2,1.8705
IS,Iceland,9,2021,NO2,2.68554
IT,Italy,1,2022,CO,470
IT,Italy,1,2022,NO2,21.63
IT,Italy,1,2023,CO,566.6666666666666
IT,Italy,1,2023,NO2,0.382142
IT,Italy,1,2023,O3,83.04373
IT,Italy,1,2023,SO2,7.1
IT,Italy,1,2024,CO,615
IT,Italy,1,2024,NO2,42.74694107142857
IT,Italy,1,2024,O3,34.877611111111115
IT,Italy,1,2024,PM2.5,16.012857142857143
IT,Italy,1,2024,SO2,2.8314285714285714
IT,Italy,2,2022,NO2,3
IT,Italy,2,2023,CO,1110
IT,Italy,2,2023,NO2,46.74
IT,Italy,2,2024,CO,17983.676
IT,Italy,2,2024,NO2,15.170178433333334
IT,Italy,2,2024,O3,76.17
IT,Italy,2,2024,PM2.5,3.857142857142857
IT,Italy,2,2024,SO2,0.8133306200000001
IT,Italy,3,2020,NO2,24
IT,Italy,3,2021,NO2,34
IT,Italy,3,2022,CO,649.4731428571429
IT,Italy,3,2022,NO2,19.384045
IT,Italy,3,2022,O3,84.845
IT,Italy,3,2022,SO2,2.72057625
IT,Italy,3,2024,CO,437.1970224666667
IT,Italy,3,2024,NO2,18.665022644338624
IT,Italy,3,2024,O3,53.871847453125
IT,Italy,3,2024,PM1,5.591703849037488
IT,Italy,3,2024,PM2.5,8.734243165370295
IT,Italy,3,2024,SO2,2.8178231894350283
IT,Italy,4,2019,NO2,6
IT,Italy,4,2021,CO,400
IT,Italy,5,2020,CO,366.6666666666667
IT,Italy,5,2020,NO2,8.457142857142857
IT,Italy,5,2020,O3,46.407407407407405
IT,Italy,5,2020,PM2.5,8.041666666666666
IT,Italy,5,2020,SO2,1
IT,Italy,5,2022,CO,6.14484
IT,Italy,6,2022,CO,613.2177133333333
IT,Italy,6,2022,NO2,8.087857966666666
IT,Italy,6,2022,O3,85.02046766666666
IT,Italy,6,2022,SO2,5.343374966666667
IT,Italy,7,2021,NO2,7.4
IT,Italy,7,2021,O3,55
IT,Italy,7,2023,NO2,22
IT,Italy,7,2023,PM2.5,20.465985979352677
IT,Italy,8,2023,CO,266.6666666666667
IT,Italy,8,2023,NO2,8.4
IT,Italy,8,2023,O3,82
IT,Italy,8,2023,PM2.5,8.93
IT,Italy,10,2022,CO,200
IT,Italy,10,2022,SO2,1.8
IT,Italy,11,2023,CO,500
IT,Italy,12,2019,CO,1000
IT,Italy,12,2019,NO2,37.5
IT,Italy,12,2021,NO2,9.93
IT,Italy,12,2021,O3,22.89
IT,Italy,12,2021,SO2,5.32
IT,Italy,12,2022,CO,666.6666666666666
IT,Italy,12,2022,O3,37.4
IT,Italy,12,2022,SO2,2.5714285714285716
IT,Italy,12,2023,PM2.5,87.35118993123372
IZ,NA,5,2023,PM2.5,27
JO,Jordan,3,2024,O3,45.15337423312884
JO,Jordan,3,2024,PM2.5,9
JO,Jordan,4,2019,CO,649.1751874573961
JO,Jordan,4,2019,NO2,35.37783231083845
JO,Jordan,4,2019,O3,51.828220858895705
JO,Jordan,4,2019,SO2,3.1445398773006135
JP,Japan,1,2024,CO,114.560327198364
JP,Japan,1,2024,NO2,25.0906612133606
JP,Japan,1,2024,PM2.5,7.333333333333333
JP,Japan,1,2024,SO2,0
JP,Japan,2,2024,CO,286.40081799591
JP,Japan,2,2024,NO2,14.008952510793002
JP,Japan,2,2024,PM2.5,5
JP,Japan,2,2024,SO2,1.1230499561787906
JP,Japan,3,2024,CO,276.8109263526081
JP,Japan,3,2024,NO2,5.788101908657123
JP,Japan,3,2024,PM2.5,5.084745762711864
JP,Japan,3,2024,SO2,2.351488764550312
JP,Japan,7,2023,NO2,63.981186094069535
JP,Japan,7,2023,PM2.5,7
JP,Japan,8,2023,NO2,5.645398773006135
JP,Japan,10,2023,CO,352.49331445650466
JP,Japan,10,2023,NO2,22.08874281819067
JP,Japan,10,2023,PM2.5,11.20754716981132
JP,Japan,10,2023,SO2,4.076255396500795
JP,Japan,11,2023,CO,343.680981595092
JP,Japan,11,2023,NO2,4.159767516951889
JP,Japan,11,2023,PM2.5,9.5
JP,Japan,11,2023,SO2,0
JP,Japan,12,2023,CO,229.120654396728
JP,Japan,12,2023,NO2,14.56349248688539
JP,Japan,12,2023,PM2.5,18.679112555402696
JP,Japan,12,2023,SO2,5.053724802804557
KE,Kenya,9,2018,PM2.5,0
KE,Kenya,11,2018,PM2.5,5.3
KE,Kenya,11,2023,PM2.5,21.7
KG,Kyrgyzstan,3,2024,PM2.5,40
KR,"Korea, Republic of",1,2023,PM2.5,34.4
KR,"Korea, Republic of",3,2021,PM2.5,3.7
KV,NA,5,2023,PM2.5,18
KW,Kuwait,2,2024,PM2.5,38
KZ,Kazakhstan,3,2024,PM2.5,116.5
LA,Lao People's Dem. Rep.,3,2024,CO,458.241308793456
LA,Lao People's Dem. Rep.,3,2024,NO2,8.468098159509202
LA,Lao People's Dem. Rep.,3,2024,O3,38.282208588957054
LA,Lao People's Dem. Rep.,3,2024,PM2.5,22.925
LA,Lao People's Dem. Rep.,3,2024,SO2,2.620449897750511
LA,Lao People's Dem. Rep.,5,2022,SO2,15.722699386503066
LA,Lao People's Dem. Rep.,6,2023,CO,3058.760736196319
LA,Lao People's Dem. Rep.,6,2023,O3,0
LA,Lao People's Dem. Rep.,6,2023,PM2.5,9.7
LA,Lao People's Dem. Rep.,8,2023,CO,343.680981595092
LA,Lao People's Dem. Rep.,9,2022,O3,7.852760736196319
LA,Lao People's Dem. Rep.,9,2023,NO2,15.054396728016359
LA,Lao People's Dem. Rep.,11,2022,PM2.5,12
LA,Lao People's Dem. Rep.,11,2023,PM2.5,31.083333492279053
LK,Sri Lanka,3,2024,PM2.5,50
LT,Lithuania,3,2024,CO,213.92174749999998
LT,Lithuania,3,2024,NO2,6.844017871428571
LT,Lithuania,3,2024,O3,82.20620840166667
LT,Lithuania,3,2024,PM2.5,4.6099999475
LT,Lithuania,3,2024,SO2,4.996578906666667
LU,Luxembourg,1,2022,CO,280
LU,Luxembourg,2,2022,SO2,3.8
LU,Luxembourg,3,2024,CO,210
LU,Luxembourg,3,2024,NO2,7.957142857142857
LU,Luxembourg,3,2024,O3,69.75
LU,Luxembourg,3,2024,PM2.5,7.966666666666667
LU,Luxembourg,3,2024,SO2,4.1
LU,Luxembourg,12,2018,NO2,18
LV,Latvia,1,2022,NO2,42.848593666666666
LV,Latvia,1,2022,O3,27.649062666666666
LV,Latvia,1,2022,SO2,1.465
LV,Latvia,1,2024,NO2,9.05
LV,Latvia,1,2024,O3,7.729
LV,Latvia,1,2024,PM2.5,17
LV,Latvia,3,2024,CO,260
LV,Latvia,3,2024,NO2,12.2472
LV,Latvia,3,2024,O3,71.771
LV,Latvia,3,2024,PM2.5,3.996000002
LV,Latvia,3,2024,SO2,1.09981498
LV,Latvia,7,2018,SO2,1.591248
MA,Morocco,5,2023,PM2.5,5
MD,"Moldova, Republic of",3,2024,SO2,5.27553229
MD,"Moldova, Republic of",4,2023,PM2.5,18
MD,"Moldova, Republic of",11,2022,NO2,12.67044171
ME,Montenegro,1,2023,SO2,15.2
ME,Montenegro,1,2024,NO2,2.1
ME,Montenegro,3,2024,CO,260
ME,Montenegro,3,2024,NO2,11.285714285714285
ME,Montenegro,3,2024,O3,61.85
ME,Montenegro,3,2024,PM2.5,10.15
ME,Montenegro,3,2024,SO2,13.8
MG,Madagascar,3,2024,PM2.5,18
MK,"Macedonia, The former Yugoslav Rep. of",1,2023,CO,6189.76
MK,"Macedonia, The former Yugoslav Rep. of",1,2024,CO,748.2
MK,"Macedonia, The former Yugoslav Rep. of",1,2024,NO2,14.159466666666667
MK,"Macedonia, The former Yugoslav Rep. of",1,2024,O3,7.289999999999999
MK,"Macedonia, The former Yugoslav Rep. of",1,2024,PM2.5,52.31
MK,"Macedonia, The former Yugoslav Rep. of",1,2024,SO2,3.8e-4
MK,"Macedonia, The former Yugoslav Rep. of",2,2022,NO2,32.16631
MK,"Macedonia, The former Yugoslav Rep. of",2,2024,CO,3514.8
MK,"Macedonia, The former Yugoslav Rep. of",3,2023,CO,421.08232
MK,"Macedonia, The former Yugoslav Rep. of",3,2024,CO,387.22714285714284
MK,"Macedonia, The former Yugoslav Rep. of",3,2024,NO2,11.512274210526316
MK,"Macedonia, The former Yugoslav Rep. of",3,2024,O3,41.8589
MK,"Macedonia, The former Yugoslav Rep. of",3,2024,PM2.5,17.244083333333332
MK,"Macedonia, The former Yugoslav Rep. of",3,2024,SO2,8.092307692307692e-4
MK,"Macedonia, The former Yugoslav Rep. of",5,2023,O3,0
MK,"Macedonia, The former Yugoslav Rep. of",6,2023,O3,66.6
MK,"Macedonia, The former Yugoslav Rep. of",6,2023,SO2,1.64920532
MK,"Macedonia, The former Yugoslav Rep. of",9,2022,CO,7934.4
MK,"Macedonia, The former Yugoslav Rep. of",9,2022,PM2.5,4.51
MK,"Macedonia, The former Yugoslav Rep. of",12,2023,CO,3732.88
MK,"Macedonia, The former Yugoslav Rep. of",12,2023,O3,5.42
MK,"Macedonia, The former Yugoslav Rep. of",12,2023,SO2,0.0115
MM,Myanmar,3,2021,O3,23.558282208588956
MM,Myanmar,3,2024,CO,916.482617586912
MM,Myanmar,3,2024,NO2,41.399591002044986
MM,Myanmar,3,2024,O3,80.49079754601227
MM,Myanmar,3,2024,PM2.5,49.96666666666667
MM,Myanmar,3,2024,SO2,0
MM,Myanmar,8,2019,SO2,20.96359918200409
MM,Myanmar,8,2022,NO2,5.645398773006135
MM,Myanmar,9,2020,CO,5235.406952965236
MM,Myanmar,9,2020,NO2,1.8817995910020449
MM,Myanmar,9,2020,O3,19.631901840490798
MM,Myanmar,12,2023,O3,25.52147239263804
MN,Mongolia,1,2018,NO2,43
MN,Mongolia,1,2018,SO2,42
MN,Mongolia,1,2020,NO2,42
MN,Mongolia,1,2020,SO2,35.333333333333336
MN,Mongolia,2,2019,CO,0
MN,Mongolia,2,2024,PM2.5,9
MN,Mongolia,3,2019,CO,25.285714285714285
MN,Mongolia,3,2019,NO2,26.46153846153846
MN,Mongolia,3,2019,O3,10.6
MN,Mongolia,3,2019,PM2.5,131.44444444444446
MN,Mongolia,3,2019,SO2,13.416666666666666
MN,Mongolia,7,2018,CO,200.5
MN,Mongolia,8,2018,O3,87
MN,Mongolia,9,2017,CO,821
MN,Mongolia,9,2018,CO,419
MN,Mongolia,10,2018,O3,28
MN,Mongolia,11,2016,PM2.5,29.6
MN,Mongolia,11,2018,O3,58
MN,Mongolia,11,2019,NO2,50
MN,Mongolia,11,2019,SO2,67
MN,Mongolia,12,2019,NO2,40.76190476190476
MN,Mongolia,12,2019,SO2,45.30434782608695
MT,Malta,3,2022,CO,225.078
MT,Malta,5,2023,CO,185.884
MT,Malta,5,2023,NO2,4.695825
MT,Malta,5,2023,O3,85.752235
MT,Malta,5,2023,PM2.5,10.668666666666667
MT,Malta,5,2023,SO2,0.187155
MT,Malta,8,2019,PM2.5,21.9
MX,Mexico,1,2021,CO,21.548806710838445
MX,Mexico,1,2021,PM2.5,20.0081454
MX,Mexico,1,2022,CO,1260.1635991820042
MX,Mexico,1,2023,CO,1664.7047546012273
MX,Mexico,1,2023,NO2,0.4283540408997955
MX,Mexico,1,2023,O3,9.125573753000799
MX,Mexico,1,2023,PM2.5,0.94147
MX,Mexico,1,2023,SO2,30.22601596496523
MX,Mexico,1,2024,CO,1505.249889934106
MX,Mexico,1,2024,NO2,12.717636862125795
MX,Mexico,1,2024,O3,47.05043886266833
MX,Mexico,1,2024,PM2.5,24.993706240017524
MX,Mexico,1,2024,SO2,10.224190199868406
MX,Mexico,2,2021,NO2,92.08660460290389
MX,Mexico,2,2021,O3,22.19360893251534
MX,Mexico,2,2021,SO2,0
MX,Mexico,2,2023,CO,687.361963190184
MX,Mexico,2,2023,O3,1.78598688
MX,Mexico,2,2023,SO2,24.894274028629855
MX,Mexico,2,2024,CO,998.2180327163372
MX,Mexico,2,2024,NO2,22.493660351057866
MX,Mexico,2,2024,O3,79.46736619330487
MX,Mexico,2,2024,PM2.5,17.112047857613167
MX,Mexico,2,2024,SO2,12.615774649082054
MX,Mexico,3,2021,NO2,16.558895501022494
MX,Mexico,3,2021,SO2,2.616925392638037
MX,Mexico,3,2022,SO2,2.620449897750511
MX,Mexico,3,2023,CO,2145.142126789366
MX,Mexico,3,2023,PM2.5,26.7908322
MX,Mexico,3,2024,CO,1630.1914947683342
MX,Mexico,3,2024,NO2,38.67248017671952
MX,Mexico,3,2024,O3,64.97915984523449
MX,Mexico,3,2024,PM1,7.201264878114065
MX,Mexico,3,2024,PM2.5,24.22389122758324
MX,Mexico,3,2024,SO2,14.974894755750856
MX,Mexico,4,2020,NO2,11.29079754601227
MX,Mexico,4,2021,CO,835.9008834355828
MX,Mexico,4,2021,NO2,56.94984192229038
MX,Mexico,4,2021,PM2.5,20
MX,Mexico,4,2021,SO2,7.861349693251533
MX,Mexico,4,2023,CO,632.8770715746421
MX,Mexico,4,2023,NO2,33.20247198364008
MX,Mexico,4,2023,O3,69.95304703476484
MX,Mexico,4,2023,PM2.5,17.4269
MX,Mexico,4,2023,SO2,13.254104560327196
MX,Mexico,5,2023,CO,0
MX,Mexico,5,2023,NO2,12.419877300613496
MX,Mexico,5,2023,O3,35.76453699795501
MX,Mexico,5,2023,PM2.5,340.96666666666664
MX,Mexico,5,2023,SO2,1.578147707348057
MX,Mexico,6,2022,O3,131.53374233128835
MX,Mexico,6,2023,CO,432.43086707566465
MX,Mexico,6,2023,NO2,23.056326083844578
MX,Mexico,6,2023,O3,76.05398773006135
MX,Mexico,6,2023,PM2.5,23.18625
MX,Mexico,6,2023,SO2,16.683531015678252
MX,Mexico,7,2023,CO,936.444754601227
MX,Mexico,7,2023,O3,39.44049079754601
MX,Mexico,7,2023,PM2.5,13.5
MX,Mexico,7,2023,SO2,19.12928425357873
MX,Mexico,8,2016,O3,7.852760736196319
MX,Mexico,8,2020,CO,1031.0429447852762
MX,Mexico,8,2020,SO2,0
MX,Mexico,8,2021,NO2,7.527198364008179
MX,Mexico,8,2022,CO,378.0490797546013
MX,Mexico,8,2022,NO2,22.58159509202454
MX,Mexico,8,2022,O3,0.9815950920245399
MX,Mexico,8,2023,CO,387.3230110039926
MX,Mexico,8,2023,NO2,33.96200214237024
MX,Mexico,8,2023,O3,35.38439067484663
MX,Mexico,8,2023,PM2.5,10.730166666666667
MX,Mexico,8,2023,SO2,2.9622477105005776
MX,Mexico,9,2017,PM2.5,9
MX,Mexico,9,2021,CO,413.7941930470348
MX,Mexico,9,2021,NO2,14.825185144909632
MX,Mexico,9,2021,O3,35.551751104501044
MX,Mexico,9,2021,PM2.5,10.58084783568912
MX,Mexico,9,2021,SO2,7.343914928538969
MX,Mexico,9,2023,CO,1050.13633265167
MX,Mexico,9,2023,NO2,48.6121669498191
MX,Mexico,9,2023,O3,30.69343299720283
MX,Mexico,9,2023,PM2.5,14.913333333333334
MX,Mexico,9,2023,SO2,18.214275558282207
MX,Mexico,10,2016,NO2,0
MX,Mexico,10,2019,PM2.5,32
MX,Mexico,10,2020,CO,512.9839611451943
MX,Mexico,10,2021,CO,1317.443762781186
MX,Mexico,10,2021,NO2,33.872392638036814
MX,Mexico,10,2022,CO,687.361963190184
MX,Mexico,10,2022,NO2,63.98118609406953
MX,Mexico,10,2022,O3,147.23926380368098
MX,Mexico,10,2022,PM2.5,18.666666666666668
MX,Mexico,10,2022,SO2,13.102249488752555
MX,Mexico,10,2023,CO,1684.3349992626684
MX,Mexico,10,2023,NO2,17.46339371098688
MX,Mexico,10,2023,O3,10.921321937524649
MX,Mexico,10,2023,PM2.5,12
MX,Mexico,10,2023,SO2,9.636328977220192
MX,Mexico,11,2016,O3,46.625766871165645
MX,Mexico,11,2016,PM2.5,4.725
MX,Mexico,11,2020,CO,183.29652351738244
MX,Mexico,11,2020,PM2.5,15.864407
MX,Mexico,11,2021,NO2,48.45633946830265
MX,Mexico,11,2021,SO2,6.114383094751193
MX,Mexico,11,2023,CO,1572.034996591686
MX,Mexico,11,2023,NO2,19.18738985916077
MX,Mexico,11,2023,PM2.5,10.875235176969456
MX,Mexico,11,2023,SO2,2.955157828008783
MX,Mexico,12,2020,NO2,4.221441022494887
MX,Mexico,12,2020,SO2,6.901216850715746
MX,Mexico,12,2021,CO,887.8425357873211
MX,Mexico,12,2021,NO2,11.29079754601227
MX,Mexico,12,2021,O3,92.26993865030676
MX,Mexico,12,2023,CO,1138.2083669327014
MX,Mexico,12,2023,NO2,7.326071144196737
MX,Mexico,12,2023,O3,30.15972680611328
MX,Mexico,12,2023,PM2.5,28.463787033333332
MX,Mexico,12,2023,SO2,4.973788602590319e-4
MY,Malaysia,1,2020,PM2.5,8.2
MY,Malaysia,3,2024,PM2.5,8.985714285714286
MY,Malaysia,7,2023,PM2.5,10.9
MY,Malaysia,10,2023,PM2.5,4.5874999562899275
MZ,Mozambique,1,2024,O3,21.595092024539877
MZ,Mozambique,1,2024,PM2.5,4
NG,Nigeria,1,2024,PM2.5,86.5
NG,Nigeria,3,2024,PM2.5,25.1
NG,Nigeria,10,2020,PM2.5,0.1
NI,Nicaragua,5,2023,PM2.5,11.633333333333333
NI,Nicaragua,9,2022,PM2.5,15.35
NI,Nicaragua,10,2022,PM2.5,17.7
NL,Netherlands,1,2017,SO2,8
NL,Netherlands,1,2020,SO2,1
NL,Netherlands,1,2024,O3,42
NL,Netherlands,3,2017,PM2.5,31
NL,Netherlands,3,2024,CO,0.38756666666666667
NL,Netherlands,3,2024,NO2,28.2646875
NL,Netherlands,3,2024,O3,66.80864864864864
NL,Netherlands,3,2024,PM1,11.087797657648723
NL,Netherlands,3,2024,PM2.5,12.130505873657457
NL,Netherlands,3,2024,SO2,1.7722222222222221
NL,Netherlands,4,2021,O3,46.3
NL,Netherlands,11,2021,PM2.5,29
NO,Norway,1,2018,NO2,63.9921103044
NO,Norway,1,2018,O3,47.8
NO,Norway,1,2018,PM2.5,19.5
NO,Norway,1,2019,NO2,11.825271
NO,Norway,1,2022,SO2,8.2640615
NO,Norway,1,2023,NO2,73.90228
NO,Norway,1,2023,PM2.5,30.357546
NO,Norway,1,2024,NO2,23.218952
NO,Norway,1,2024,PM2.5,12.746202
NO,Norway,2,2017,NO2,46.4401226141
NO,Norway,2,2024,NO2,18.396160333333334
NO,Norway,2,2024,PM2.5,5.3653955
NO,Norway,2,2024,SO2,0.5
NO,Norway,3,2019,NO2,10.261188
NO,Norway,3,2021,NO2,19.319453
NO,Norway,3,2024,CO,304.205
NO,Norway,3,2024,NO2,25.45226969230769
NO,Norway,3,2024,O3,53.781432111111116
NO,Norway,3,2024,PM2.5,9.76355211111111
NO,Norway,3,2024,SO2,0.856321
NO,Norway,4,2017,PM2.5,5.0700083565
NO,Norway,4,2018,NO2,15.8
NO,Norway,4,2018,O3,38.2
NO,Norway,4,2018,SO2,1.6
NO,Norway,5,2018,NO2,1.4704218376
NO,Norway,5,2018,PM2.5,6.9394444444
NO,Norway,6,2019,NO2,1.030492
NO,Norway,6,2019,PM2.5,2
NO,Norway,6,2021,NO2,15.260231
NO,Norway,6,2021,PM2.5,26.7
NO,Norway,7,2019,NO2,2.960609
NO,Norway,7,2023,NO2,7.896834
NO,Norway,8,2023,PM2.5,5.197781
NO,Norway,9,2022,NO2,11.89107
NO,Norway,10,2020,NO2,0.534639
NO,Norway,10,2020,PM2.5,3.841715
NO,Norway,10,2023,NO2,125.236445
NO,Norway,11,2019,O3,65.8
NO,Norway,11,2023,PM2.5,10.673
NO,Norway,12,2016,NO2,53.4343950712
NO,Norway,12,2023,O3,32.977222
NO,Norway,12,2023,PM2.5,3.186649
NP,Nepal,2,2024,PM2.5,46.15654754638672
NP,Nepal,3,2024,O3,67.73006134969324
NP,Nepal,3,2024,PM2.5,20.5
NZ,New Zealand,3,2024,CO,309.7708
NZ,New Zealand,3,2024,NO2,8.34367085
NZ,New Zealand,3,2024,PM1,1.1875
NZ,New Zealand,3,2024,PM2.5,7.229572906666667
PE,Peru,2,2024,CO,17997.5
PE,Peru,2,2024,O3,3.86
PE,Peru,2,2024,SO2,2
PE,Peru,3,2024,CO,1238.2633333333333
PE,Peru,3,2024,NO2,26.361
PE,Peru,3,2024,O3,29.895
PE,Peru,3,2024,PM2.5,21.355555555555554
PE,Peru,3,2024,SO2,30.395
PE,Peru,7,2017,CO,939.3946830265849
PE,Peru,7,2017,NO2,38.4639836400818
PE,Peru,7,2017,O3,16.176687116564416
PE,Peru,7,2017,SO2,5.974625766871165
PE,Peru,10,2018,CO,827.425
PE,Peru,10,2018,NO2,48.545
PE,Peru,10,2018,O3,15.726666666666667
PE,Peru,10,2018,PM2.5,20.42
PE,Peru,10,2018,SO2,7.99
PE,Peru,10,2023,CO,3967.5
PE,Peru,11,2016,PM2.5,49.4
PE,Peru,11,2023,CO,311.65
PE,Peru,12,2021,CO,19216.5
PE,Peru,12,2021,NO2,37.51
PE,Peru,12,2021,PM2.5,37.34
PE,Peru,12,2021,SO2,5.79
PH,Philippines,3,2024,PM2.5,11.4
PK,Pakistan,3,2024,PM2.5,21
PL,Poland,1,2017,CO,1956
PL,Poland,1,2017,NO2,35.6
PL,Poland,1,2017,O3,14.658333333333333
PL,Poland,1,2017,PM2.5,169.05555555555554
PL,Poland,1,2017,SO2,19.71818181818182
PL,Poland,1,2020,NO2,3.4
PL,Poland,1,2020,PM2.5,10.2
PL,Poland,1,2022,NO2,1.62095
PL,Poland,1,2022,PM2.5,2.05028
PL,Poland,1,2023,CO,316.512
PL,Poland,1,2023,NO2,17.5231475
PL,Poland,1,2023,O3,31.326465
PL,Poland,1,2023,PM2.5,12.9021775
PL,Poland,1,2023,SO2,6.3249683333333335
PL,Poland,1,2024,CO,628.9224999999999
PL,Poland,1,2024,NO2,22.331789999999998
PL,Poland,1,2024,O3,35.4174
PL,Poland,1,2024,PM2.5,9.894328333333334
PL,Poland,1,2024,SO2,5.81506
PL,Poland,2,2019,NO2,19.7988
PL,Poland,2,2019,PM2.5,19.963
PL,Poland,2,2020,CO,712.91
PL,Poland,2,2020,NO2,33.3286
PL,Poland,2,2020,PM2.5,12
PL,Poland,2,2020,SO2,4.32619
PL,Poland,2,2021,NO2,23.9
PL,Poland,2,2021,O3,24.1
PL,Poland,2,2021,PM2.5,46
PL,Poland,2,2021,SO2,8.8
PL,Poland,2,2023,NO2,0.8519
PL,Poland,2,2023,PM2.5,7.06022
PL,Poland,2,2024,CO,363.81
PL,Poland,3,2021,CO,135.153
PL,Poland,3,2021,NO2,8.1972
PL,Poland,3,2021,SO2,1.60914
PL,Poland,3,2024,CO,295.56926318867926
PL,Poland,3,2024,NO2,6.3448198880597015
PL,Poland,3,2024,O3,68.22831157425742
PL,Poland,3,2024,PM2.5,11.577690404040403
PL,Poland,3,2024,SO2,4.685723707865169
PL,Poland,4,2022,O3,35.3283
PL,Poland,6,2021,CO,329.358
PL,Poland,6,2021,NO2,7.09454
PL,Poland,6,2021,O3,56.3073
PL,Poland,6,2022,SO2,861.973
PL,Poland,7,2020,CO,158.485001
PL,Poland,7,2020,NO2,4.066719
PL,Poland,7,2020,O3,80.421082
PL,Poland,7,2020,SO2,1.163108
PL,Poland,7,2022,CO,106.04
PL,Poland,7,2022,NO2,19.1079
PL,Poland,7,2022,PM2.5,5.43904
PL,Poland,8,2020,CO,154.93
PL,Poland,8,2020,NO2,5.33324
PL,Poland,8,2020,O3,60.7717
PL,Poland,8,2020,PM2.5,5.9259
PL,Poland,8,2020,SO2,1.55025
PL,Poland,8,2022,PM2.5,0
PL,Poland,9,2022,O3,45.09
PL,Poland,10,2022,CO,230.885
PL,Poland,10,2022,NO2,17.943057142857143
PL,Poland,10,2022,O3,18.980800000000002
PL,Poland,10,2022,PM2.5,22.30614
PL,Poland,10,2022,SO2,5.825184999999999
PL,Poland,11,2023,NO2,12
PL,Poland,11,2023,PM2.5,15
PL,Poland,12,2018,CO,480.79266666666666
PL,Poland,12,2018,NO2,9.79468
PL,Poland,12,2018,O3,31.129416666666668
PL,Poland,12,2018,PM2.5,0
PL,Poland,12,2018,SO2,3.7671733333333335
PL,Poland,12,2019,CO,398.5050909090909
PL,Poland,12,2019,NO2,7.2282705
PL,Poland,12,2019,O3,51.62532222222222
PL,Poland,12,2019,PM2.5,14.051077777777778
PL,Poland,12,2019,SO2,4.626791071428571
PL,Poland,12,2020,CO,1027.21
PL,Poland,12,2020,NO2,16.77591
PL,Poland,12,2020,O3,18.2085
PL,Poland,12,2020,PM2.5,20.926057142857143
PL,Poland,12,2020,SO2,1.62
PL,Poland,12,2021,CO,423.3
PL,Poland,12,2021,NO2,8.14809
PL,Poland,12,2021,O3,41.09
PL,Poland,12,2021,PM2.5,20.03090142857143
PL,Poland,12,2021,SO2,12.932749999999999
PL,Poland,12,2022,CO,439.9685714285714
PL,Poland,12,2022,NO2,12.72386375
PL,Poland,12,2022,O3,48.864999999999995
PL,Poland,12,2022,PM2.5,18.065006
PL,Poland,12,2022,SO2,7.642163333333333
PL,Poland,12,2023,CO,757
PL,Poland,12,2023,NO2,12.36145
PL,Poland,12,2023,O3,34.61
PL,Poland,12,2023,PM2.5,19.92312082760281
PL,Poland,12,2023,SO2,6.05
PR,Puerto Rico,2,2024,O3,29.447852760736197
PR,Puerto Rico,2,2024,PM2.5,3
PR,Puerto Rico,3,2024,O3,35.33742331288344
PR,Puerto Rico,3,2024,PM2.5,1
PR,Puerto Rico,6,2019,O3,60.858895705521476
PR,Puerto Rico,6,2022,PM2.5,102.8
PR,Puerto Rico,8,2023,PM2.5,10.9
PS,West Bank and Gaza Strip,1,2018,CO,801.922290388548
PS,West Bank and Gaza Strip,1,2018,NO2,38.38871165644172
PS,West Bank and Gaza Strip,1,2018,O3,111.50920245398774
PS,West Bank and Gaza Strip,1,2018,SO2,0
PS,West Bank and Gaza Strip,1,2019,CO,1489.2842535787322
PS,West Bank and Gaza Strip,1,2019,NO2,30.108793456032718
PS,West Bank and Gaza Strip,1,2019,O3,23.361963190184053
PS,West Bank and Gaza Strip,4,2019,CO,534.6148602590321
PS,West Bank and Gaza Strip,4,2019,NO2,32.99421949556919
PS,West Bank and Gaza Strip,4,2019,O3,39.176550783912745
PS,West Bank and Gaza Strip,4,2019,SO2,2.096359918200409
PT,Portugal,5,2023,O3,104
PT,Portugal,6,2023,CO,158.69230769230768
PT,Portugal,6,2023,NO2,7.977586206896552
PT,Portugal,6,2023,O3,50.53846153846154
PT,Portugal,6,2023,PM2.5,3.9105263157894736
PT,Portugal,6,2023,SO2,3.336842105263158
QA,Qatar,6,2023,O3,37.30061349693251
QA,Qatar,6,2023,PM2.5,50
RO,Romania,5,2023,NO2,13.020045543125
RO,Romania,5,2023,O3,71.5993998625
RO,Romania,5,2023,PM2.5,8.899424214444444
RO,Romania,5,2023,SO2,6.424894865000001
RO,Romania,10,2022,NO2,36.10033007
RS,Serbia,5,2023,NO2,12.27346876
RS,Serbia,6,2023,CO,247.62947934210527
RS,Serbia,6,2023,NO2,15.33638597222224
RS,Serbia,6,2023,O3,46.28002632039366
RS,Serbia,6,2023,PM2.5,11.091751348224706
RS,Serbia,6,2023,SO2,9.549275437215147
RU,Russian Federation,1,2017,NO2,0
RU,Russian Federation,2,2017,CO,0
RU,Russian Federation,3,2024,O3,87.8991298
RU,Russian Federation,6,2017,CO,100
RU,Russian Federation,6,2017,NO2,2.5
RU,Russian Federation,8,2017,NO2,55
RU,Russian Federation,8,2017,SO2,1.3
RU,Russian Federation,8,2021,CO,200
RU,Russian Federation,8,2021,NO2,5.333333333333333
RU,Russian Federation,8,2021,O3,28.666666666666668
RU,Russian Federation,8,2021,PM2.5,4
RU,Russian Federation,8,2021,SO2,3.6666666666666665
RU,Russian Federation,9,2017,CO,339.04761904761904
RU,Russian Federation,9,2017,NO2,26.605
RU,Russian Federation,9,2017,SO2,4.6235294117647054
RU,Russian Federation,10,2019,NO2,5.21179
RU,Russian Federation,12,2019,PM2.5,11.4357
RU,Russian Federation,12,2020,CO,300
RU,Russian Federation,12,2020,NO2,5
RU,Russian Federation,12,2020,O3,68
RU,Russian Federation,12,2020,PM2.5,13.5
RU,Russian Federation,12,2020,SO2,5.5
RW,Rwanda,3,2024,PM2.5,49.9
RW,Rwanda,5,2023,PM2.5,0
SA,Saudi Arabia,3,2024,PM2.5,5
SA,Saudi Arabia,7,2019,PM2.5,23
SA,Saudi Arabia,7,2022,PM2.5,311
SA,Saudi Arabia,8,2021,PM2.5,41
SA,Saudi Arabia,10,2023,CO,1457.755
SA,Saudi Arabia,10,2023,NO2,11.971
SA,Saudi Arabia,10,2023,PM2.5,22.323
SA,Saudi Arabia,10,2023,SO2,13.922
SD,"Sudan, The Republic of",5,2023,PM2.5,23
SE,Sweden,1,2018,NO2,24.4175
SE,Sweden,1,2023,PM2.5,0
SE,Sweden,1,2024,CO,207.783
SE,Sweden,1,2024,NO2,23.423727272727273
SE,Sweden,1,2024,O3,49.2117875
SE,Sweden,1,2024,PM2.5,14.92335
SE,Sweden,2,2024,NO2,20.96238
SE,Sweden,2,2024,O3,39.013799998
SE,Sweden,2,2024,PM2.5,6.9890425
SE,Sweden,3,2021,NO2,24.12
SE,Sweden,3,2021,O3,53.13
SE,Sweden,3,2024,CO,152.8585
SE,Sweden,3,2024,NO2,9.283079940882352
SE,Sweden,3,2024,O3,68.02833214285714
SE,Sweden,3,2024,PM2.5,7.7176211992
SE,Sweden,4,2023,PM2.5,2.43813
SE,Sweden,5,2021,O3,44.6204
SE,Sweden,6,2019,PM2.5,2.7
SE,Sweden,6,2021,NO2,2.83833
SE,Sweden,7,2021,NO2,28.83625
SE,Sweden,7,2021,PM2.5,3.89093
SE,Sweden,10,2018,NO2,20.0525
SE,Sweden,10,2018,O3,40.4725
SE,Sweden,10,2020,PM2.5,898.163
SE,Sweden,10,2022,NO2,12.233333333333334
SE,Sweden,10,2022,PM2.5,2.7333333333333334
SE,Sweden,11,2021,NO2,26.3725
SE,Sweden,11,2021,PM2.5,5.18475
SE,Sweden,12,2020,NO2,22.315
SE,Sweden,12,2020,O3,52.2301
SE,Sweden,12,2020,PM2.5,10.030276666666666
SG,Singapore,9,2015,PM2.5,282.9
SI,Slovenia,2,2024,NO2,5
SI,Slovenia,2,2024,O3,89.9
SI,Slovenia,2,2024,PM2.5,15.1
SI,Slovenia,2,2024,SO2,1
SI,Slovenia,3,2024,O3,58.127
SI,Slovenia,3,2024,SO2,0.07008899
SK,Slovakia,1,2024,CO,951.8386
SK,Slovakia,1,2024,NO2,28.70441518047619
SK,Slovakia,1,2024,O3,36.53214285714286
SK,Slovakia,1,2024,PM2.5,23.54975
SK,Slovakia,1,2024,SO2,5.112895503333333
SK,Slovakia,3,2024,CO,419.80400000000003
SK,Slovakia,3,2024,NO2,16.09017258153846
SK,Slovakia,3,2024,O3,46.910333333333334
SK,Slovakia,3,2024,PM2.5,14.941980434782609
SK,Slovakia,3,2024,SO2,8.347327375263157
SK,Slovakia,4,2022,CO,1033.21
SK,Slovakia,4,2022,NO2,23.2308
SK,Slovakia,4,2022,PM2.5,9.8534
SK,Slovakia,4,2022,SO2,2.72783
SK,Slovakia,9,2023,O3,92.75
SK,Slovakia,11,2023,SO2,53.2612
SN,Senegal,3,2024,PM1,10.77315668626265
SN,Senegal,3,2024,PM2.5,18.965353532270953
SU,USSR,5,2023,PM2.5,23
TH,Thailand,1,2019,O3,60.858895705521476
TH,Thailand,1,2022,O3,7.852760736196319
TH,Thailand,1,2022,PM2.5,36
TH,Thailand,1,2023,CO,1141.7845944103615
TH,Thailand,1,2023,NO2,0
TH,Thailand,1,2023,O3,15.705521472392638
TH,Thailand,1,2023,PM2.5,50.333333333333336
TH,Thailand,1,2023,SO2,13.102249488752555
TH,Thailand,1,2024,CO,859.2024539877301
TH,Thailand,1,2024,O3,53.66053169734152
TH,Thailand,1,2024,PM2.5,43.4
TH,Thailand,1,2024,SO2,18.343149284253577
TH,Thailand,2,2018,NO2,99.73537832310838
TH,Thailand,2,2022,CO,332.2249488752556
TH,Thailand,2,2022,NO2,18.81799591002045
TH,Thailand,2,2022,O3,28.466257668711656
TH,Thailand,2,2022,PM2.5,20
TH,Thailand,2,2022,SO2,6.551124744376278
TH,Thailand,2,2023,CO,584.2576687116565
TH,Thailand,2,2023,NO2,15.05439672801636
TH,Thailand,2,2023,O3,27.15746421267894
TH,Thailand,2,2023,SO2,5.89601226993865
TH,Thailand,2,2024,CO,1947.5255623721882
TH,Thailand,2,2024,PM2.5,31.30681818181818
TH,Thailand,2,2024,SO2,2.620449897750511
TH,Thailand,3,2018,O3,49.079754601226995
TH,Thailand,3,2019,CO,1099.7791411042947
TH,Thailand,3,2019,NO2,16.936196319018403
TH,Thailand,3,2019,SO2,7.861349693251533
TH,Thailand,3,2020,CO,412.4171779141105
TH,Thailand,3,2022,NO2,0
TH,Thailand,3,2022,O3,112.5562372188139
TH,Thailand,3,2022,SO2,0
TH,Thailand,3,2023,CO,0
TH,Thailand,3,2023,NO2,16.936196319018403
TH,Thailand,3,2023,O3,53.987730061349694
TH,Thailand,3,2024,CO,525.6297365571995
TH,Thailand,3,2024,NO2,9.10384126457746
TH,Thailand,3,2024,O3,77.3862177200742
TH,Thailand,3,2024,PM1,38.18325274023745
TH,Thailand,3,2024,PM2.5,43.50426765667495
TH,Thailand,3,2024,SO2,3.328679599845244
TH,Thailand,4,2020,CO,4502.2208588957055
TH,Thailand,4,2020,O3,0
TH,Thailand,4,2022,CO,819.1063394683028
TH,Thailand,4,2022,NO2,22.58159509202454
TH,Thailand,4,2022,O3,1.9631901840490797
TH,Thailand,4,2023,CO,1084.5044308111794
TH,Thailand,4,2023,NO2,58.33578732106339
TH,Thailand,4,2023,O3,49.079754601226995
TH,Thailand,4,2023,SO2,10.481799591002044
TH,Thailand,5,2020,NO2,11.29079754601227
TH,Thailand,5,2020,O3,0
TH,Thailand,5,2020,SO2,2.620449897750511
TH,Thailand,5,2021,NO2,47.04498977505113
TH,Thailand,5,2021,SO2,0
TH,Thailand,5,2022,NO2,0
TH,Thailand,5,2022,O3,0
TH,Thailand,5,2023,CO,286.40081799591
TH,Thailand,5,2023,NO2,4.390865712338105
TH,Thailand,5,2023,O3,41.88139059304704
TH,Thailand,5,2023,PM2.5,20.25
TH,Thailand,5,2023,SO2,2.620449897750511
TH,Thailand,6,2020,CO,5309.871165644172
TH,Thailand,6,2020,NO2,13.172597137014314
TH,Thailand,6,2021,CO,435.3292433537833
TH,Thailand,6,2021,PM2.5,12.2
TH,Thailand,6,2022,CO,3883.5950920245405
TH,Thailand,6,2022,NO2,15.681663258350374
TH,Thailand,6,2022,O3,18.97750511247444
TH,Thailand,6,2022,PM2.5,10.833333333333334
TH,Thailand,6,2022,SO2,5.240899795501022
TH,Thailand,6,2023,PM2.5,14.142857142857142
TH,Thailand,7,2020,CO,0
TH,Thailand,7,2020,NO2,9.408997955010225
TH,Thailand,7,2020,SO2,28.824948875255625
TH,Thailand,7,2021,NO2,5.645398773006135
TH,Thailand,7,2021,PM2.5,9
TH,Thailand,7,2022,CO,6300.817995910021
TH,Thailand,7,2022,NO2,0
TH,Thailand,7,2022,O3,37.95501022494888
TH,Thailand,7,2022,PM2.5,6
TH,Thailand,7,2022,SO2,14.849216087252897
TH,Thailand,7,2023,NO2,0
TH,Thailand,7,2023,PM2.5,8.85
TH,Thailand,8,2018,CO,8282.71165644172
TH,Thailand,8,2019,O3,3.9263803680981595
TH,Thailand,8,2019,SO2,78.2391469471224
TH,Thailand,8,2021,CO,5544.719836400818
TH,Thailand,8,2021,O3,17.668711656441715
TH,Thailand,8,2021,PM2.5,7
TH,Thailand,8,2021,SO2,1.3102249488752555
TH,Thailand,8,2022,NO2,2.8226993865030674
TH,Thailand,8,2022,PM2.5,14
TH,Thailand,8,2022,SO2,65.51124744376277
TH,Thailand,8,2023,CO,114.560327198364
TH,Thailand,8,2023,NO2,8.468098159509202
TH,Thailand,8,2023,PM2.5,17.583333015441895
TH,Thailand,8,2023,SO2,10.481799591002044
TH,Thailand,9,2019,O3,7.852760736196319
TH,Thailand,9,2020,CO,504.0654396728017
TH,Thailand,9,2020,NO2,24.299759935982927
TH,Thailand,9,2020,O3,52.179528576041335
TH,Thailand,9,2020,SO2,3.4267421739814377
TH,Thailand,9,2021,CO,538.4335378323109
TH,Thailand,9,2021,NO2,7.527198364008179
TH,Thailand,9,2021,SO2,2.620449897750511
TH,Thailand,9,2022,CO,458.2413087934561
TH,Thailand,9,2022,NO2,0
TH,Thailand,9,2022,O3,4.9079754601226995
TH,Thailand,9,2022,PM2.5,12
TH,Thailand,9,2022,SO2,2.620449897750511
TH,Thailand,9,2023,CO,0
TH,Thailand,9,2023,PM2.5,0.9541666607062022
TH,Thailand,10,2021,CO,2543.2392638036813
TH,Thailand,10,2022,NO2,8.78173142467621
TH,Thailand,10,2022,O3,15.705521472392638
TH,Thailand,10,2022,PM2.5,14
TH,Thailand,10,2022,SO2,2.620449897750511
TH,Thailand,10,2023,O3,0
TH,Thailand,10,2023,PM2.5,9.7
TH,Thailand,11,2021,CO,870.6584867075666
TH,Thailand,11,2021,NO2,3.7635991820040897
TH,Thailand,11,2021,O3,9.815950920245399
TH,Thailand,11,2021,SO2,2.620449897750511
TH,Thailand,11,2022,O3,37.30061349693252
TH,Thailand,11,2022,SO2,296.11083844580776
TH,Thailand,11,2023,CO,114.560327198364
TH,Thailand,11,2023,NO2,8.468098159509202
TH,Thailand,11,2023,O3,49.73415132924336
TH,Thailand,11,2023,PM2.5,16.266666666666666
TH,Thailand,11,2023,SO2,0
TH,Thailand,12,2019,CO,2474.503067484663
TH,Thailand,12,2019,NO2,0
TH,Thailand,12,2019,SO2,5.240899795501022
TH,Thailand,12,2021,CO,1145.60327198364
TH,Thailand,12,2021,NO2,29.167893660531696
TH,Thailand,12,2021,O3,135.46012269938652
TH,Thailand,12,2022,NO2,11.29079754601227
TH,Thailand,12,2022,O3,20.286298568507156
TH,Thailand,12,2022,SO2,10.481799591002044
TH,Thailand,12,2023,CO,3436.8098159509204
TH,Thailand,12,2023,NO2,0
TH,Thailand,12,2023,PM2.5,11.4
TH,Thailand,12,2023,SO2,0
TI,NA,5,2023,PM2.5,14
TJ,Tajikistan,5,2023,PM2.5,14
TR,Turkey,1,2017,NO2,27
TR,Turkey,1,2018,CO,0
TR,Turkey,1,2023,NO2,31.982
TR,Turkey,1,2023,O3,88.6035
TR,Turkey,1,2023,PM2.5,11.32
TR,Turkey,1,2023,SO2,122.18866666666666
TR,Turkey,2,2023,CO,1295.654
TR,Turkey,2,2023,NO2,89.834
TR,Turkey,2,2023,O3,20.258333333333333
TR,Turkey,2,2023,PM2.5,120.2525
TR,Turkey,2,2023,SO2,3.9806666666666666
TR,Turkey,3,2018,O3,504
TR,Turkey,3,2023,CO,3428.8102
TR,Turkey,3,2023,NO2,28.823999999999998
TR,Turkey,3,2023,O3,47.131
TR,Turkey,3,2023,PM2.5,44.072
TR,Turkey,3,2023,SO2,50.141666666666666
TR,Turkey,4,2018,NO2,17.5
TR,Turkey,4,2022,CO,1150.4733333333334
TR,Turkey,4,2022,NO2,14.674
TR,Turkey,4,2022,O3,19.5
TR,Turkey,4,2022,SO2,13.213333333333333
TR,Turkey,4,2023,CO,1350.0025
TR,Turkey,4,2023,NO2,26.915571428571425
TR,Turkey,4,2023,O3,52.2536
TR,Turkey,4,2023,PM2.5,18.898
TR,Turkey,4,2023,SO2,154.1975
TR,Turkey,5,2023,CO,812.9034013157894
TR,Turkey,5,2023,NO2,24.773811965811966
TR,Turkey,5,2023,O3,38.19406358381503
TR,Turkey,5,2023,PM2.5,15.364067669172933
TR,Turkey,5,2023,SO2,8.512356862745097
TR,Turkey,6,2016,CO,862
TR,Turkey,6,2016,NO2,29
TR,Turkey,6,2016,O3,126
TR,Turkey,6,2016,SO2,5
TR,Turkey,6,2017,NO2,1.58
TR,Turkey,6,2017,O3,39
TR,Turkey,6,2018,CO,7
TR,Turkey,6,2018,O3,54
TR,Turkey,7,2017,CO,403.6666666666667
TR,Turkey,7,2017,NO2,12.15
TR,Turkey,7,2017,O3,41
TR,Turkey,7,2017,SO2,5.083333333333333
TR,Turkey,7,2018,O3,99
TR,Turkey,8,2016,CO,3
TR,Turkey,8,2016,NO2,111
TR,Turkey,9,2017,CO,0
TR,Turkey,9,2017,NO2,22
TR,Turkey,9,2018,NO2,35
TR,Turkey,9,2018,SO2,2
TR,Turkey,10,2017,NO2,11
TR,Turkey,10,2017,SO2,8
TR,Turkey,10,2018,CO,632
TR,Turkey,10,2018,NO2,58
TR,Turkey,10,2018,O3,36
TR,Turkey,10,2018,SO2,7.888888888888889
TR,Turkey,10,2022,NO2,74.50399999999999
TR,Turkey,10,2022,O3,64.0005
TR,Turkey,10,2022,PM2.5,12.336666666666666
TR,Turkey,10,2022,SO2,7.37775
TR,Turkey,11,2016,NO2,33
TR,Turkey,11,2016,O3,18
TR,Turkey,11,2021,CO,253.24
TR,Turkey,11,2022,CO,20650
TR,Turkey,11,2022,NO2,12.687666666666667
TR,Turkey,11,2022,O3,9.28
TR,Turkey,11,2022,PM2.5,22.47725
TR,Turkey,11,2022,SO2,23.8215
TR,Turkey,12,2016,CO,5619.333333333333
TR,Turkey,12,2016,NO2,45.5
TR,Turkey,12,2016,O3,15
TR,Turkey,12,2016,SO2,34.5
TR,Turkey,12,2017,CO,3598.5
TR,Turkey,12,2017,NO2,42
TR,Turkey,12,2017,O3,14
TR,Turkey,12,2017,SO2,126
TR,Turkey,12,2022,NO2,20.99876923076923
TR,Turkey,12,2022,O3,23.728714285714286
TR,Turkey,12,2022,PM2.5,18.053
TR,Turkey,12,2022,SO2,18.4866
TT,Trinidad and Tobago,5,2023,CO,546.525056355745
TT,Trinidad and Tobago,5,2023,NO2,7.34196771455474
TT,Trinidad and Tobago,5,2023,O3,15.785762725988693
TT,Trinidad and Tobago,5,2023,PM2.5,3.77333333333333
TT,Trinidad and Tobago,5,2023,SO2,2.075993853427899
TW,"Taiwan, China",2,2018,CO,782.8289025221541
TW,"Taiwan, China",2,2018,NO2,17.375282890252215
TW,"Taiwan, China",2,2018,O3,83.76278118609407
TW,"Taiwan, China",2,2018,PM2.5,20.666666666666668
TW,"Taiwan, China",2,2018,SO2,3.5812815269256983
TW,"Taiwan, China",5,2021,CO,215.1188366280391
TW,"Taiwan, China",5,2021,NO2,9.741535143009216
TW,"Taiwan, China",5,2021,O3,79.97775051124745
TW,"Taiwan, China",5,2021,PM2.5,11.337662337662337
TW,"Taiwan, China",5,2021,SO2,6.3843688417921545
TW,"Taiwan, China",12,2017,CO,366.5930470347649
TW,"Taiwan, China",12,2017,NO2,18.347546012269937
TW,"Taiwan, China",12,2017,O3,87.36196319018406
TW,"Taiwan, China",12,2017,PM2.5,11
TW,"Taiwan, China",12,2017,SO2,6.289079754601226
TX,NA,5,2023,PM2.5,19
UC,NA,5,2023,O3,25.52147239263804
US,United States,1,2017,CO,801.9222903885482
US,United States,1,2017,NO2,15.995296523517382
US,United States,1,2017,O3,64.5398773006135
US,United States,1,2017,PM2.5,3.8777777777777778
US,United States,1,2017,SO2,2.144004461795873
US,United States,1,2018,CO,543.0159509202454
US,United States,1,2018,NO2,24.839754601226993
US,United States,1,2018,O3,40.899795501022496
US,United States,1,2018,PM2.5,11.2
US,United States,1,2018,SO2,3.4939331970006813
US,United States,1,2019,CO,229.120654396728
US,United States,1,2019,NO2,12.231697341513293
US,United States,1,2019,O3,54.96932515337423
US,United States,1,2019,PM2.5,18.68
US,United States,1,2020,CO,515.5214723926381
US,United States,1,2020,NO2,21.32706203135651
US,United States,1,2020,O3,46.789366053169736
US,United States,1,2020,PM2.5,6.673333333333333
US,United States,1,2020,SO2,0.6551124744376278
US,United States,1,2021,CO,137.47239263803684
US,United States,1,2021,NO2,1.8817995910020449
US,United States,1,2021,O3,82.45398773006136
US,United States,1,2021,PM2.5,17.2
US,United States,1,2021,SO2,1.3102249488752555
US,United States,1,2022,CO,349.40899795501025
US,United States,1,2022,NO2,12.231697341513293
US,United States,1,2022,O3,49.079754601226995
US,United States,1,2022,PM2.5,7.3428571428571425
US,United States,1,2022,SO2,0
US,United States,1,2023,NO2,69.62658486707566
US,United States,1,2023,O3,26.50306748466258
US,United States,1,2023,PM2.5,9.457142857142857
US,United States,1,2023,SO2,1.3626339468302657
US,United States,2,2017,O3,53.00613496932515
US,United States,2,2017,PM2.5,8
US,United States,2,2018,CO,675.9059304703477
US,United States,2,2018,NO2,33.87239263803681
US,United States,2,2018,O3,39.263803680981596
US,United States,2,2018,PM2.5,8.416666666666666
US,United States,2,2019,CO,446.7852760736197
US,United States,2,2019,NO2,15.054396728016359
US,United States,2,2019,PM2.5,8
US,United States,2,2019,SO2,2.620449897750511
US,United States,2,2020,PM2.5,8.666666666666666
US,United States,2,2020,SO2,0
US,United States,2,2021,CO,171.840490797546
US,United States,2,2021,NO2,9.408997955010225
US,United States,2,2021,O3,41.22699386503068
US,United States,2,2021,PM2.5,2
US,United States,2,2022,O3,47.540231765507926
US,United States,2,2022,PM2.5,16.15
US,United States,2,2022,SO2,0.8205528109682867
US,United States,2,2023,CO,372.32106339468305
US,United States,2,2023,NO2,73.95472392638038
US,United States,2,2023,O3,81.47239263803681
US,United States,2,2023,PM2.5,11.928571428571429
US,United States,2,2023,SO2,0.5240899795501023
US,United States,3,2014,PM2.5,5
US,United States,3,2016,CO,196.38913234005258
US,United States,3,2016,NO2,6.29461963190184
US,United States,3,2016,O3,96.02923900274116
US,United States,3,2016,PM2.5,6.49
US,United States,3,2016,SO2,1.7032924335378323
US,United States,3,2017,NO2,1.8817995910020449
US,United States,3,2017,O3,71.98364008179959
US,United States,3,2017,PM2.5,4.5
US,United States,3,2017,SO2,0.8734832992501703
US,United States,3,2018,CO,458.241308793456
US,United States,3,2018,PM2.5,3.2
US,United States,3,2018,SO2,2.620449897750511
US,United States,3,2019,CO,114.560327198364
US,United States,3,2019,O3,68.71165644171779
US,United States,3,2019,PM2.5,9.12
US,United States,3,2020,CO,595.7137014314928
US,United States,3,2020,O3,38.282208588957054
US,United States,3,2020,PM2.5,5.535294117647059
US,United States,3,2020,SO2,2.620449897750511
US,United States,3,2021,CO,572.80163599182
US,United States,3,2021,NO2,3.7635991820040897
US,United States,3,2021,O3,72.63803680981596
US,United States,3,2021,PM2.5,7.125
US,United States,3,2021,SO2,2.620449897750511
US,United States,3,2022,CO,263.4887525562372
US,United States,3,2022,NO2,16.936196319018403
US,United States,3,2022,O3,68.71165644171779
US,United States,3,2022,PM2.5,7.681818181818182
US,United States,3,2022,SO2,2.620449897750511
US,United States,3,2023,O3,71.32924335378323
US,United States,3,2023,PM2.5,4.3
US,United States,4,2016,O3,46.13496932515338
US,United States,4,2016,SO2,2.620449897750511
US,United States,4,2017,CO,0
US,United States,4,2017,NO2,4.7044989775051125
US,United States,4,2017,O3,72.63803680981596
US,United States,4,2017,PM2.5,3.65
US,United States,4,2017,SO2,0
US,United States,4,2018,CO,114.560327198364
US,United States,4,2018,NO2,15.054396728016359
US,United States,4,2018,O3,76.56441717791411
US,United States,4,2018,PM2.5,5.44
US,United States,4,2018,SO2,0.6551124744376278
US,United States,4,2019,CO,297.8568507157465
US,United States,4,2019,NO2,19.75889570552147
US,United States,4,2019,O3,65.62664329535495
US,United States,4,2019,PM2.5,8.764705882352942
US,United States,4,2019,SO2,0
US,United States,4,2020,CO,733.1860940695298
US,United States,4,2020,NO2,18.81799591002045
US,United States,4,2020,O3,100.12269938650307
US,United States,4,2020,PM2.5,5.12
US,United States,4,2020,SO2,2.620449897750511
US,United States,4,2021,NO2,26.34519427402863
US,United States,4,2021,O3,62.82208588957055
US,United States,4,2021,PM2.5,13.7
US,United States,4,2021,SO2,5.240899795501022
US,United States,4,2022,O3,57.58691206543968
US,United States,4,2022,PM2.5,5.407692307692308
US,United States,4,2023,CO,343.680981595092
US,United States,4,2023,NO2,18.81799591002045
US,United States,4,2023,O3,76.07361963190183
US,United States,4,2023,PM2.5,7.535714285714286
US,United States,4,2023,SO2,1.4849216087252897
US,United States,5,2016,NO2,1.8817995910020449
US,United States,5,2016,O3,139.38650306748465
US,United States,5,2017,NO2,13.172597137014314
US,United States,5,2017,O3,64.78527607361963
US,United States,5,2017,PM2.5,3.4
US,United States,5,2017,SO2,0
US,United States,5,2018,CO,332.2249488752557
US,United States,5,2018,NO2,3.7635991820040897
US,United States,5,2018,O3,66.74846625766871
US,United States,5,2018,PM2.5,5.42
US,United States,5,2018,SO2,2.620449897750511
US,United States,5,2019,CO,343.680981595092
US,United States,5,2019,NO2,1.8817995910020449
US,United States,5,2019,O3,82.45398773006136
US,United States,5,2019,PM2.5,7.5
US,United States,5,2020,NO2,9.408997955010225
US,United States,5,2020,PM2.5,8.1
US,United States,5,2020,SO2,1.7469665985003406
US,United States,5,2021,CO,263.4887525562372
US,United States,5,2021,NO2,13.172597137014314
US,United States,5,2021,O3,87.03476482617587
US,United States,5,2021,PM2.5,2
US,United States,5,2021,SO2,2.620449897750511
US,United States,5,2022,CO,217.66462167689164
US,United States,5,2022,NO2,5.833578732106339
US,United States,5,2022,O3,72.05555181015303
US,United States,5,2022,PM2.5,8.016230366492147
US,United States,5,2022,SO2,2.35840490797546
US,United States,5,2023,CO,251.41347482451778
US,United States,5,2023,NO2,7.783015959653298
US,United States,5,2023,O3,92.07410516945767
US,United States,5,2023,PM2.5,7.650279850746268
US,United States,5,2023,SO2,1.4890453496230371
US,United States,6,2016,O3,51.533742331288344
US,United States,6,2016,PM2.5,17.866666666666667
US,United States,6,2017,CO,197.61656441717793
US,United States,6,2017,NO2,15.054396728016359
US,United States,6,2017,O3,74.60122699386503
US,United States,6,2017,PM2.5,19.5
US,United States,6,2017,SO2,0
US,United States,6,2018,CO,693.0899795501023
US,United States,6,2018,NO2,17.56346284935242
US,United States,6,2018,O3,37.95501022494887
US,United States,6,2018,PM2.5,17.28
US,United States,6,2018,SO2,2.620449897750511
US,United States,6,2019,CO,710.2740286298568
US,United States,6,2019,NO2,15.054396728016359
US,United States,6,2019,O3,42.69938650306749
US,United States,6,2019,PM2.5,8.3
US,United States,6,2019,SO2,0
US,United States,6,2020,O3,119.10020449897752
US,United States,6,2020,PM2.5,9.069565217391304
US,United States,6,2020,SO2,2.620449897750511
US,United States,6,2021,PM2.5,3.16
US,United States,6,2021,SO2,0
US,United States,6,2022,NO2,24.463394683026586
US,United States,6,2022,O3,60.122699386503065
US,United States,6,2022,PM2.5,11.413333333333334
US,United States,6,2022,SO2,2.620449897750511
US,United States,7,2016,CO,171.840490797546
US,United States,7,2016,NO2,5.645398773006135
US,United States,7,2016,O3,86.38036809815951
US,United States,7,2016,PM2.5,7.5
US,United States,7,2016,SO2,0
US,United States,7,2017,CO,34.36809815950921
US,United States,7,2017,NO2,3.7635991820040897
US,United States,7,2017,O3,88.34355828220859
US,United States,7,2017,PM2.5,14.116666666666667
US,United States,7,2017,SO2,0
US,United States,7,2018,CO,229.120654396728
US,United States,7,2018,NO2,3.7635991820040897
US,United States,7,2018,O3,50.061349693251536
US,United States,7,2018,PM2.5,9.176470588235293
US,United States,7,2019,PM2.5,9.364285714285714
US,United States,7,2020,O3,0
US,United States,7,2020,PM2.5,15.333333333333334
US,United States,7,2020,SO2,0
US,United States,7,2021,CO,194.7525562372188
US,United States,7,2021,NO2,1.8817995910020449
US,United States,7,2021,O3,63.80368098159509
US,United States,7,2021,PM2.5,1
US,United States,7,2022,CO,343.680981595092
US,United States,7,2022,NO2,5.645398773006135
US,United States,7,2022,O3,33.374233128834355
US,United States,7,2022,PM2.5,10.533333333333333
US,United States,7,2022,SO2,0
US,United States,8,2014,PM2.5,7.1
US,United States,8,2016,CO,3207.689161554192
US,United States,8,2016,O3,96.19631901840492
US,United States,8,2016,PM2.5,14.866666666666667
US,United States,8,2017,PM2.5,8
US,United States,8,2018,NO2,1.8817995910020449
US,United States,8,2018,O3,30.429447852760738
US,United States,8,2018,PM2.5,14.470588235294118
US,United States,8,2019,CO,343.680981595092
US,United States,8,2019,NO2,1.8817995910020449
US,United States,8,2019,O3,80.98159509202453
US,United States,8,2019,PM2.5,10.166666666666666
US,United States,8,2019,SO2,0.8734832992501703
US,United States,8,2020,NO2,2.8226993865030674
US,United States,8,2020,O3,80.49079754601226
US,United States,8,2020,PM2.5,8.7
US,United States,8,2020,SO2,0
US,United States,8,2021,CO,0
US,United States,8,2021,O3,72.63803680981596
US,United States,8,2021,PM2.5,12.375
US,United States,8,2022,CO,217.66462167689164
US,United States,8,2022,O3,54.09679618268575
US,United States,8,2022,PM2.5,3.566666666666667
US,United States,9,2016,CO,343.680981595092
US,United States,9,2016,NO2,13.172597137014314
US,United States,9,2016,PM2.5,4.425
US,United States,9,2017,PM2.5,3.6666666666666665
US,United States,9,2017,SO2,2.620449897750511
US,United States,9,2018,NO2,12.231697341513293
US,United States,9,2018,O3,62.42944785276074
US,United States,9,2018,PM2.5,9.954166666666667
US,United States,9,2018,SO2,0
US,United States,9,2019,CO,458.241308793456
US,United States,9,2019,O3,66.74846625766871
US,United States,9,2019,PM2.5,17.05
US,United States,9,2020,O3,133.49693251533742
US,United States,9,2020,PM2.5,15.307692307692308
US,United States,9,2021,CO,171.840490797546
US,United States,9,2021,NO2,5.645398773006135
US,United States,9,2021,O3,50.38854805725971
US,United States,9,2021,PM2.5,12.84
US,United States,9,2021,SO2,1.3102249488752555
US,United States,9,2022,CO,211.93660531697344
US,United States,9,2022,NO2,31.990593047034764
US,United States,9,2022,O3,73.61963190184049
US,United States,9,2022,PM2.5,4.926923076923077
US,United States,9,2022,SO2,1.3102249488752555
US,United States,10,2016,O3,34.355828220858896
US,United States,10,2016,PM2.5,11.733333333333333
US,United States,10,2017,CO,492.6094069529653
US,United States,10,2017,NO2,11.918064076346285
US,United States,10,2017,O3,66.74846625766871
US,United States,10,2017,PM2.5,6.661538461538462
US,United States,10,2018,O3,53.22426721199727
US,United States,10,2018,PM2.5,4.45
US,United States,10,2019,CO,0
US,United States,10,2019,NO2,2.8226993865030674
US,United States,10,2019,O3,64.78527607361963
US,United States,10,2019,PM2.5,6.571428571428571
US,United States,10,2019,SO2,0
US,United States,10,2020,O3,39.59100204498978
US,United States,10,2020,PM2.5,3.4333333333333336
US,United States,10,2021,NO2,39.51779141104294
US,United States,10,2021,O3,27.484662576687118
US,United States,10,2021,PM2.5,12.466666666666667
US,United States,10,2021,SO2,1.3102249488752555
US,United States,10,2022,CO,584.2576687116565
US,United States,10,2022,NO2,41.399591002044986
US,United States,10,2022,O3,52.61349693251534
US,United States,10,2022,PM2.5,5.133333333333333
US,United States,11,2016,O3,79.68767428890128
US,United States,11,2016,PM2.5,4.257142857142857
US,United States,11,2017,NO2,13.172597137014314
US,United States,11,2017,O3,28.326029798422436
US,United States,11,2017,PM2.5,6.156521739130435
US,United States,11,2018,CO,57.280163599182
US,United States,11,2018,PM2.5,8.75
US,United States,11,2019,CO,458.241308793456
US,United States,11,2019,O3,65.2760736196319
US,United States,11,2019,PM2.5,8.37
US,United States,11,2020,NO2,43.281390593047036
US,United States,11,2020,O3,51.533742331288344
US,United States,11,2020,PM2.5,4.3
US,United States,11,2020,SO2,1.3102249488752555
US,United States,11,2021,CO,240.57668711656444
US,United States,11,2021,NO2,13.172597137014314
US,United States,11,2021,O3,31.939594148183108
US,United States,11,2021,PM2.5,7.7681818181818185
US,United States,11,2022,O3,60.858895705521476
US,United States,11,2022,PM2.5,3.8
US,United States,12,2016,NO2,16.936196319018403
US,United States,12,2016,O3,49.57055214723927
US,United States,12,2016,PM2.5,4.9
US,United States,12,2016,SO2,0
US,United States,12,2017,CO,610.9884117246081
US,United States,12,2017,NO2,26.34519427402863
US,United States,12,2017,O3,72.63803680981596
US,United States,12,2017,PM2.5,7.85
US,United States,12,2018,CO,343.680981595092
US,United States,12,2018,NO2,23.52249488752556
US,United States,12,2018,O3,17.177914110429448
US,United States,12,2018,PM2.5,4.725
US,United States,12,2018,SO2,0
US,United States,12,2019,CO,355.1370143149285
US,United States,12,2019,NO2,20.699795501022493
US,United States,12,2019,O3,32.392638036809814
US,United States,12,2019,PM2.5,6.011111111111111
US,United States,12,2019,SO2,0
US,United States,12,2020,CO,347.67562765747635
US,United States,12,2020,NO2,19.74993079450462
US,United States,12,2020,O3,17.66871165644172
US,United States,12,2020,PM2.5,4.5
US,United States,12,2020,SO2,0.8734832992501703
US,United States,12,2021,CO,756.0981595092026
US,United States,12,2021,NO2,13.172597137014314
US,United States,12,2021,O3,39.263803680981596
US,United States,12,2021,PM2.5,8.18
US,United States,12,2021,SO2,0.8734832992501703
US,United States,12,2022,O3,26.175869120654397
US,United States,12,2022,PM2.5,7.785714285714286
US,United States,12,2022,SO2,0
UZ,Uzbekistan,5,2023,O3,21.595092024539877
UZ,Uzbekistan,5,2023,PM2.5,14
VM,NA,5,2023,PM2.5,36
VN,Viet Nam,8,2015,PM2.5,36.9
VN,Viet Nam,11,2016,PM2.5,20.55
XK,NA,5,2023,CO,0.5384615384615384
XK,NA,5,2023,NO2,20.307692307692307
XK,NA,5,2023,O3,24.346153846153847
XK,NA,5,2023,PM2.5,11.146153846153846
XK,NA,5,2023,SO2,5.9
XK,NA,10,2020,CO,85
XK,NA,10,2020,NO2,6.62
XK,NA,10,2020,O3,80.515
XK,NA,10,2020,PM2.5,10.681
XK,NA,10,2020,SO2,13.547
XK,NA,11,2016,PM2.5,19
ZA,South Africa,1,2023,CO,5.728016359918201
ZA,South Africa,1,2023,O3,2.8299386503067487
ZA,South Africa,1,2023,PM2.5,0.78525
ZA,South Africa,1,2023,SO2,0.7402770961145194
ZA,South Africa,2,2022,CO,948.559509202454
ZA,South Africa,2,2022,NO2,5.047927402862986
ZA,South Africa,2,2022,O3,10.228875255623722
ZA,South Africa,2,2022,PM2.5,3
ZA,South Africa,2,2022,SO2,17.47315991820041
ZA,South Africa,2,2023,CO,0
ZA,South Africa,2,2023,NO2,0
ZA,South Africa,2,2023,O3,4.638364008179959
ZA,South Africa,2,2023,PM2.5,2.789
ZA,South Africa,2,2023,SO2,10.437251942740287
ZA,South Africa,3,2022,CO,282.96400817995914
ZA,South Africa,3,2022,NO2,3.9470746421267897
ZA,South Africa,3,2022,O3,9.735460122699386
ZA,South Africa,3,2022,SO2,6.418355282890252
ZA,South Africa,3,2023,CO,792.757464212679
ZA,South Africa,3,2023,NO2,5.337796916784646
ZA,South Africa,3,2023,O3,41.00943669827105
ZA,South Africa,3,2023,PM2.5,3.684857142857143
ZA,South Africa,3,2023,SO2,11.7128593692821
ZA,South Africa,4,2019,SO2,7.494486707566462
ZA,South Africa,4,2022,NO2,11.950368302658488
ZA,South Africa,4,2022,SO2,10.716329856850715
ZA,South Africa,4,2023,CO,1551.261390593047
ZA,South Africa,4,2023,NO2,10.602341165644171
ZA,South Africa,4,2023,O3,64.01167581530514
ZA,South Africa,4,2023,PM2.5,14.420607142857143
ZA,South Africa,4,2023,SO2,12.139408847989092
ZA,South Africa,5,2022,CO,311.6040899795501
ZA,South Africa,5,2022,NO2,9.911976102833771
ZA,South Africa,5,2022,O3,22.894527607361965
ZA,South Africa,5,2022,PM2.5,17.702777777777776
ZA,South Africa,5,2022,SO2,14.15252580777096
ZA,South Africa,5,2023,CO,492.9014234732748
ZA,South Africa,5,2023,NO2,12.141762615934395
ZA,South Africa,5,2023,O3,37.36348951661835
ZA,South Africa,5,2023,PM2.5,13.3140826446281
ZA,South Africa,5,2023,SO2,9.416775697783672
ZA,South Africa,6,2021,O3,36.0598773006135
ZA,South Africa,6,2022,CO,0
ZA,South Africa,6,2022,NO2,5.4898366734833
ZA,South Africa,6,2022,O3,59.191305872042065
ZA,South Africa,6,2022,PM2.5,11.082
ZA,South Africa,6,2022,SO2,18.187378095887297
ZA,South Africa,7,2021,CO,0
ZA,South Africa,7,2022,CO,18197.907975460126
ZA,South Africa,7,2022,NO2,23.692797750511247
ZA,South Africa,7,2022,O3,1.6716564417177915
ZA,South Africa,7,2022,PM2.5,87.21000000000001
ZA,South Africa,7,2022,SO2,43.832265439672796
ZA,South Africa,8,2021,NO2,3.3552486707566467
ZA,South Africa,8,2021,O3,32.82159509202454
ZA,South Africa,8,2021,PM2.5,34.821
ZA,South Africa,8,2021,SO2,4.528137423312883
ZA,South Africa,8,2022,CO,281.0546693933197
ZA,South Africa,8,2022,NO2,7.37461578050443
ZA,South Africa,8,2022,O3,34.27288343558283
ZA,South Africa,8,2022,PM2.5,18.13125
ZA,South Africa,8,2022,SO2,8.456288873740816
ZA,South Africa,9,2021,CO,99.6674846625767
ZA,South Africa,9,2021,PM2.5,15.383
ZA,South Africa,9,2022,NO2,4.712026175869121
ZA,South Africa,9,2022,O3,22.91926380368098
ZA,South Africa,9,2022,PM2.5,16
ZA,South Africa,9,2022,SO2,13.339254623949103
ZA,South Africa,10,2021,CO,584.2576687116565
ZA,South Africa,10,2021,NO2,6.872959372869802
ZA,South Africa,10,2021,O3,1.2584049079754602
ZA,South Africa,10,2021,SO2,19.310095296523514
ZA,South Africa,10,2022,CO,1855.4954328561691
ZA,South Africa,10,2022,NO2,45.08227280163599
ZA,South Africa,10,2022,O3,42.20269938650307
ZA,South Africa,10,2022,PM2.5,37.6
ZA,South Africa,10,2022,SO2,23.12172684779433
ZA,South Africa,11,2021,NO2,5.716907157464213
ZA,South Africa,11,2021,PM2.5,4.613
ZA,South Africa,11,2021,SO2,0
ZA,South Africa,11,2022,CO,1064.2654396728017
ZA,South Africa,11,2022,NO2,1.6904832992501702
ZA,South Africa,11,2022,O3,55.3482208588957
ZA,South Africa,11,2022,PM2.5,13.931666666666667
ZA,South Africa,11,2022,SO2,49.854059304703476
ZA,South Africa,12,2021,PM2.5,19.429
ZA,South Africa,12,2022,PM2.5,8.778500000000001
ZA,South Africa,12,2022,SO2,6.1449550102249475
